relative_time,AccX,AccY,AccZ,LinearAccelerometerSensor,BarometerSensor,CompassSensor
0,-8.314759368896485,-4.274660797119141,2.861748962402344,0.11258442337249973,985.7686614990234,2.501509666442871
24,-8.54827377319336,-4.116290130615234,2.776875457763672,0.050112102217801054,985.7686614990234,2.501509666442871
91,-8.432714080810547,-4.037853240966797,2.7714866638183597,0.030241824933463668,985.7809448242188,2.501509666442871
158,-8.466992797851564,-4.0859033203125,2.794838104248047,0.00886577949494724,985.7809448242188,2.501509666442871
224,-8.661288757324218,-3.980073394775391,2.9080027770996093,0.06294174176766443,985.7809448242188,2.501509666442871
291,-10.714568939208984,-3.9303767395019533,3.0590386962890626,0.5279919513034612,985.7809448242188,2.501509666442871
358,-6.821913757324219,-4.240082702636719,2.855911102294922,0.8457935465248865,985.7809448242188,5.27508544921875
424,-8.01223846435547,-5.436394958496094,2.9786558532714844,0.32967679549503764,985.7809448242188,5.27508544921875
492,-9.535321197509766,-2.206860809326172,0.3141966247558594,1.0625148732597332,985.7809448242188,2.083779811859131
558,-5.4354968261718755,-4.493206329345703,2.7080186462402347,1.0926170529904804,985.7809448242188,359.4425354003906
624,-1.9387683105468752,-5.395230560302735,-1.270557861328125,1.419318980732547,985.7809448242188,356.1091003417969
692,-5.474415893554688,-17.984800415039064,1.7800982666015626,3.626677868499477,985.7809448242188,250.13853454589844
758,-2.2656884765625,-7.425758056640626,1.9784358215332032,1.8818287234279183,985.7809448242188,249.1856231689453
825,-1.102756805419922,-8.300089874267579,-2.400857391357422,1.1455556201818904,985.7809448242188,246.5082244873047
891,-3.3891023254394534,-9.344318389892578,-2.2529649353027343,0.521153432987379,985.7809448242188,248.87416076660156
958,-3.386856994628906,-10.394684143066407,-3.7685632324218754,0.5345362859816578,985.7809448242188,246.809814453125
1024,1.858385467529297,-7.188950500488281,2.8470794677734377,2.0939380324680443,985.7856750488281,243.4325408935547
1092,-2.3846910095214846,-8.444988555908203,-0.7506889343261719,0.9578730567103949,985.7856750488281,239.18930053710938
1158,-5.063969421386719,-9.528585205078125,-0.4105961608886719,0.9026382853368243,985.7856750488281,239.18930053710938
1224,-1.2805870056152344,-9.767787780761719,1.7260606384277344,0.8430700644070711,985.7856750488281,244.3377685546875
1292,-1.3551319885253907,-9.84637435913086,-0.16660354614257813,0.3071015558614072,985.7856750488281,243.3135528564453
1358,-2.5930577087402344,-9.56900115966797,-0.1047821044921875,0.27880791068958755,985.7856750488281,241.9685516357422
1427,-1.7622853088378907,-9.412576446533203,-0.34368530273437503,0.16659726900376678,985.7856750488281,240.89932250976562
1492,-1.6435821533203125,-9.849667510986329,-0.51492919921875,0.13075333764495753,985.7856750488281,238.7343292236328
1558,-1.1192225646972658,-9.970615997314454,-0.1573228454589844,0.17361524501403675,985.7856750488281,237.6901092529297
1624,-1.234482879638672,-9.56466018676758,-0.5477110290527344,0.15160659275212185,985.7856750488281,235.07151794433594
1691,-0.8316705322265625,-9.666149139404297,-0.29758117675781254,0.1277629619961625,985.7856750488281,233.50953674316406
1758,-0.5457650756835938,-9.217382354736328,1.406924285888672,0.46899411066066116,985.7856750488281,233.50953674316406
1824,-1.2769944763183594,-9.418563995361328,-0.2591111755371094,0.34467313260876453,985.7856750488281,233.50953674316406
1891,-0.8265811157226562,-10.03947280883789,-0.10523117065429688,0.18062950098640615,985.7856750488281,233.50953674316406
1958,-1.1972103881835938,-9.818681945800781,-0.173638916015625,0.08042114763617295,985.7856750488281,233.50953674316406
2024,-1.653760986328125,-9.732760620117189,0.14459930419921876,0.15353769839006237,985.7911682128906,233.50953674316406
2091,-1.5064672851562502,-9.511221313476563,-0.12978012084960938,0.07972283225763743,985.7911682128906,234.52166748046875
2158,-1.5503260803222656,-9.408834228515625,-0.025896148681640627,0.044302788565086085,985.7911682128906,234.52166748046875
2224,-1.6307089233398437,-9.838141479492188,-0.09041198730468751,0.10048668362311136,985.7911682128906,234.52166748046875
2291,-1.5531701660156252,-9.958790588378907,-0.38215530395507813,0.09459008990950077,985.7911682128906,234.52166748046875
2358,-1.1126362609863283,-9.900262298583986,-0.06616241455078126,0.12842992168225684,985.7911682128906,234.52166748046875
2424,-1.0777587890625,-9.308243408203126,-0.31524444580078126,0.15998071278215592,985.7911682128906,234.52166748046875
2492,-1.5624508666992187,-9.640103302001954,-0.30267059326171875,0.12125435160963077,985.7911682128906,234.52166748046875
2558,-1.8250048828125,-9.37455551147461,-0.3180885314941406,0.10869626749482705,985.7911682128906,234.52166748046875
2624,-1.444047088623047,-9.848919067382813,-0.18112335205078126,0.13125660175491424,985.7911682128906,234.52166748046875
2691,-1.452279968261719,-9.768236846923829,-0.24908203125,0.018850039315347716,985.7911682128906,234.52166748046875
2758,-1.4792239379882812,-9.687704315185547,-0.06062393188476563,0.04617105701494481,985.7911682128906,234.52166748046875
2824,-1.645228729248047,-9.678872680664062,-0.16929794311523438,0.045356166256816446,985.7911682128906,235.6251678466797
2892,-1.5515235900878908,-9.560768280029297,0.002544708251953125,0.0450192870679267,985.7911682128906,235.6251678466797
2958,-1.5452366638183594,-9.58441909790039,-0.24998016357421876,0.05470815184326621,985.7952117919922,235.6251678466797
3024,-1.6341517639160157,-9.37365737915039,-0.11211685180664063,0.06293220674600809,985.7952117919922,235.6251678466797
3092,-2.112257537841797,-10.247091064453125,-0.4132905578613281,0.24903844824380114,985.7952117919922,235.6251678466797
3158,-1.1811936950683595,-9.585466918945313,-0.20731887817382813,0.2339804875442391,985.7952117919922,235.6251678466797
3224,-1.324146423339844,-9.35255126953125,-0.32183074951171875,0.09038350457788319,985.7952117919922,235.6251678466797
3292,-1.952839050292969,-10.087223510742188,-0.22707778930664063,0.22386960417831694,985.7952117919922,235.6251678466797
3358,-2.388582916259766,-9.616153106689454,-0.338895263671875,0.16790378971577796,985.7952117919922,235.6251678466797
3424,-1.5982264709472658,-9.515711975097657,-0.05703140258789063,0.178922440098708,985.7952117919922,235.6251678466797
3491,-1.9693048095703125,-9.549092559814454,-0.16555572509765626,0.05637385606312047,985.7952117919922,235.6251678466797
3558,-2.0450473022460938,-9.601034545898438,-0.15777191162109375,0.034895918416766654,985.7952117919922,235.6251678466797
3624,-1.8769468688964845,-9.551337890625,-0.03188369750976563,0.04829943351593911,985.7952117919922,235.6251678466797
3691,-2.2900877380371094,-9.691147155761719,0.4465214538574219,0.16246148912545583,985.7952117919922,234.4764862060547
3758,-3.0638287353515627,-9.605674896240235,0.4903802490234375,0.22172815232214563,985.7952117919922,234.4764862060547
3824,-3.4155972290039065,-9.466614074707032,1.114881591796875,0.2225275290244428,985.7952117919922,233.4412384033203
3892,-3.0787976074218752,-9.385333099365235,1.9387683105468752,0.2541747987641499,985.7952117919922,229.70591735839844
3958,-2.9139903259277347,-9.360484771728515,1.6628919982910157,0.0555352014429729,985.7952117919922,227.6094207763672
4024,-2.908601531982422,-9.096134490966797,2.404749298095703,0.19696020283593457,985.7952117919922,224.30557250976562
4092,-3.922592926025391,-8.757388916015625,2.330054626464844,0.2712424056718214,985.7952117919922,219.41598510742188
4158,-3.3964370727539066,-8.372389526367188,3.1377749633789063,0.2513422078413263,985.7952117919922,215.48306274414062
4224,-1.5859519958496096,-8.5981201171875,3.7571868896484375,0.5141390669295114,985.7952117919922,208.2919921875
4291,-2.4765998840332033,-7.509134674072266,4.3031016540527345,0.3422290192553847,985.7952117919922,204.30953979492188
4358,-2.8195367431640626,-8.126151580810546,5.925877075195313,0.47460359963071463,985.7952117919922,202.7235107421875
4424,-2.4634272766113283,-6.578968963623047,4.490062866210938,0.4441093803714923,985.7952117919922,199.42025756835938
4491,-0.602347412109375,-7.390431518554688,5.834117889404297,0.564589286537666,985.7952117919922,196.26324462890625
4558,-2.478695526123047,-8.241561584472656,7.272626495361329,0.6025946497038863,985.7952117919922,195.15928649902344
4624,-2.844983825683594,-13.237572326660157,3.1201116943359377,1.6164133244371384,985.7952117919922,198.44456481933594
4691,1.3789324951171875,-3.1400202941894535,-1.3223501586914064,2.766689875247326,985.7952117919922,204.0203857421875
4758,-2.7436445617675784,-13.784085845947267,-1.8851797485351562,2.1051437467353993,985.7952117919922,209.72459411621094
4824,-3.945944366455078,-7.961044921875001,0.5321434020996094,1.0337673035149042,985.7945251464844,221.5078887939453
4891,-5.732628936767578,-7.5276960754394535,-0.9695338439941407,0.6928283088564094,985.7945251464844,225.63943481445312
4968,-3.4335598754882812,-8.292455749511719,-0.3990701293945313,0.45443661232128846,985.7945251464844,225.63943481445312
5024,-2.3474185180664064,-8.377778320312501,-1.0936257934570313,0.4126622624526632,985.7945251464844,227.28118896484375
5091,-2.4306454467773437,-9.16424285888672,-0.5053491210937501,0.2470869814838837,985.7945251464844,230.3498992919922
5158,-6.065536651611328,-10.810968475341797,-0.0532891845703125,1.0249142123660022,985.7945251464844,232.24098205566406
5224,-10.480605468750001,-12.806468811035156,2.898722076416016,1.630999368420703,985.7945251464844,234.6980743408203
5291,-5.776038665771485,-12.09095672607422,-0.1722917175292969,1.0288060036465325,985.7945251464844,229.82579040527344
5358,-3.58055419921875,-19.71295669555664,-2.461631011962891,2.206604488923741,985.7945251464844,221.43006896972656
5424,-1.5461347961425782,-9.754016418457033,0.6255491638183595,2.236344211832704,985.7945251464844,210.0232696533203
5491,-2.1742286682128906,-7.504194946289063,-0.5405259704589844,1.073429159795684,985.7945251464844,203.87857055664062
5558,0.30386810302734374,-5.987399139404297,1.5628999328613282,1.0253565104515505,985.7945251464844,196.476318359375
5624,-0.858464813232422,0.20402572631835938,4.037553863525391,1.8684208472571056,985.7945251464844,339.7831115722656
5691,-2.3412812805175784,-2.009271697998047,7.7778259277343755,1.1980360764987374,985.7945251464844,337.85760498046875
5758,-1.3744418334960937,-7.510631561279297,12.132570190429687,1.9679271266697815,985.7945251464844,334.7661437988281
5824,0.7327262878417969,-15.81326614379883,-4.0707847595214846,4.467863411164835,985.7945251464844,182.74276733398438
5891,-2.9322523498535156,-3.1293923950195315,2.0549267578125,5.68148092823886,985.7945251464844,195.62782287597656
5958,-5.420677642822266,-15.396532745361329,1.1587403869628907,2.0210662693108734,985.7945251464844,205.22955322265625
6024,-9.969268798828125,-18.485958251953125,-3.304827575683594,2.1435479267244903,985.7945251464844,217.39280700683594
6091,-10.420131225585939,-12.96947982788086,9.86119354248047,3.237536409361747,985.7945251464844,218.44358825683594
6158,-2.0770806884765625,0.4195774841308594,3.267704772949219,4.214445870700964,985.7945251464844,224.0719451904297
6224,-6.617738342285157,1.0856922912597657,6.451883239746094,1.3736949242845107,985.7945251464844,226.02392578125
6291,-1.4169534301757813,-14.504387969970704,-6.099665679931641,4.841787758352193,985.7945251464844,215.3978729248047
6358,-13.978830871582032,-10.455158386230469,5.5833892822265625,3.5893238420854807,985.7945251464844,220.73065185546875
6424,-5.595963134765626,-3.134930877685547,1.2473561096191408,2.3765168647079458,985.7945251464844,215.6319580078125
6491,4.71624252319336,-2.232158203125,-3.270548858642578,3.2591697562382507,985.7945251464844,208.4283447265625
6558,3.398383026123047,5.6275474548339846,2.7020310974121093,2.4727942541835435,985.7945251464844,215.72988891601562
6624,-2.0481907653808595,-6.024222564697266,-5.409301300048829,3.20217696674853,985.7945251464844,220.5006103515625
6691,-13.453423461914063,-21.73480224609375,6.38033203125,6.066213960792616,985.7945251464844,239.9734344482422
6758,-6.298152923583984,-34.60384094238282,-7.78665756225586,5.327755541491332,985.7945251464844,227.65054321289062
6824,-5.651946716308594,-7.296576690673828,9.521849212646485,6.262265695686214,985.7945251464844,228.8641815185547
6891,-6.330335998535157,2.319576416015625,0.09669891357421875,4.552430226004245,985.7945251464844,227.49192810058594
6958,-0.20836669921875,-4.237088928222656,10.61278060913086,2.7813481398701687,985.7945251464844,236.0554656982422
7024,-13.420941009521485,-59.08168899536133,-10.390193481445314,12.062931752136379,985.7945251464844,234.4084930419922
7091,-9.452543334960938,-7.244784393310547,-2.0939955139160156,21.714341273380477,985.7945251464844,235.5547332763672
7157,4.561763763427734,0.14504837036132814,-4.970563659667969,8.087057203464164,985.7945251464844,227.8136444091797
7224,5.437742156982422,10.552006988525392,1.2292437744140625,5.212710215605364,985.7945251464844,229.26097106933594
7291,2.491568756103516,-6.168073425292969,-0.6140231323242188,3.2194275280793043,985.7945251464844,230.8280792236328
7358,-5.66467025756836,-41.569006805419924,-3.7652700805664066,9.907680889523,985.7945251464844,238.04957580566406
7424,-7.063810729980469,-14.864389343261719,5.2642529296875,4.9183799375692585,985.7945251464844,235.38050842285156
7491,-2.8231292724609376,-5.782924346923829,3.690126342773438,3.4429261802552364,985.7945251464844,230.0970001220703
7558,-6.870263214111328,1.591490478515625,4.418361968994141,2.800298284666776,985.7945251464844,228.57342529296875
7624,0.6010002136230469,-7.481591949462891,5.524561614990235,2.3230148948004397,985.7875823974609,230.74839782714844
7691,-5.316194915771485,-47.3300765991211,-3.992198181152344,10.584052842313081,985.7875823974609,231.9111785888672
7758,-7.610773315429688,-8.266260223388672,-0.06795867919921875,7.242509418263679,985.7875823974609,233.8153533935547
7824,4.858596496582032,-3.3422497558593753,-4.632716217041016,10.28543696212833,985.7875823974609,227.17652893066406
7892,5.208868103027344,5.516927490234376,-0.36404296875000003,4.4340608752742225,985.7875823974609,226.1746063232422
7957,0.7554789733886719,0.26494903564453126,-2.1152513122558596,0.7953065666910297,985.7875823974609,231.25489807128906
8024,-3.879931640625,-47.952182922363285,-2.349214782714844,12.306111029765358,985.7875823974609,236.09864807128906
8091,-3.6203713989257813,-16.264278259277344,4.678670654296876,4.915037088022692,985.7875823974609,233.94496154785156
8158,-4.007017364501953,-8.028255157470703,6.375691680908203,3.3280264250952194,985.7875823974609,231.7746124267578
8224,-7.233857116699219,-1.4314732360839844,1.2412188720703126,2.8532548212140596,985.7875823974609,233.21885681152344
8291,-1.7329463195800783,6.334676971435547,1.906435546875,2.8135706997419727,985.7875823974609,234.4457244873047
8357,-3.237916717529297,-17.682728576660157,0.11181747436523438,5.386641718367384,985.7875823974609,227.07241821289062
8424,6.157445526123047,-14.62159423828125,-0.3754193115234375,2.4098105563898082,985.7875823974609,224.08456420898438
8491,1.5275733947753907,-3.750001831054688,1.1618838500976563,2.6573221480274967,985.7875823974609,225.47454833984375
8558,0.5267546081542969,-3.434158630371094,-1.9321820068359377,1.0755664955844477,985.7801055908203,223.306396484375
8624,3.0232630920410157,-2.481240234375,-0.2644999694824219,0.7149239364841937,985.7801055908203,223.306396484375
8691,0.7351213073730469,-16.019088134765624,7.919132080078126,3.232402323651011,985.7801055908203,223.13063049316406
8758,-11.70490951538086,-15.061978454589845,4.442910919189453,3.4646913772834944,985.7801055908203,230.82957458496094
8824,5.2964360046386725,-18.345400543212893,5.035378875732422,3.6260429631706086,985.7801055908203,237.1129913330078
8891,-0.7288343811035156,-5.174589385986328,-4.471351776123047,3.3031029509990413,985.7801055908203,227.00802612304688
8958,5.123395843505859,-3.6757562255859377,-6.899901580810547,2.540100636588476,985.7801055908203,239.5220184326172
9024,-2.519560546875,-9.792486419677735,4.374652862548828,3.1585613484183748,985.7801055908203,237.1006317138672
9091,0.6747967529296875,-9.689201202392578,-0.8966354370117188,0.7414472237252283,985.7801055908203,233.68446350097656
9158,0.3311114501953125,-8.717721405029298,-0.3255729675292969,0.1895436769474595,985.7801055908203,235.7654266357422
9224,-3.372935943603516,-8.946745147705078,0.7188052368164063,0.9244379197480185,985.7801055908203,237.1363067626953
9291,-3.955524444580078,-11.895463256835939,3.653302917480469,1.2126032849680979,985.7801055908203,235.68020629882812
9358,-6.2510009765625005,-13.815221099853517,1.7923727416992188,0.9982225087706541,985.7801055908203,230.3741912841797
9424,-2.117047576904297,-18.814075927734375,-1.7113911437988283,1.9174218569369064,985.7801055908203,227.45872497558594
9491,-1.7938696289062501,-9.5561279296875,-1.4582675170898438,1.9828967393795984,985.7572937011719,211.28248596191406
9558,-1.3977932739257812,-7.632478179931641,-3.250789947509766,1.170529988817829,985.7572937011719,199.900146484375
9624,1.2231065368652345,-7.342082061767578,-3.0466145324707035,0.7738235632291646,985.7572937011719,190.33457946777344
9691,5.6953564453125,-3.504811706542969,-1.826202392578125,1.6811920492636372,985.7572937011719,183.6841583251953
9758,2.690654754638672,-9.154662780761718,8.703800354003906,2.9688154156230375,985.7572937011719,176.03631591796875
9824,-9.786648559570313,-16.82501220703125,0.8322692871093751,4.116428887968266,985.7572937011719,171.2602996826172
9891,-2.601140899658203,-18.186580810546875,-1.7007632446289063,1.4832966796945584,985.7572937011719,189.07289123535156
9968,2.053429870605469,-4.015399932861328,-5.0940568542480476,4.274732791752994,985.7572937011719,183.80284118652344
10024,7.653883666992188,-7.661368103027344,-6.067482604980469,1.9355549510252101,985.7572937011719,187.36477661132812
10091,0.9351054382324219,-9.974208526611328,4.928800506591797,2.8941274416945673,985.7572937011719,177.24371337890625
10158,-1.1822415161132813,-8.4927392578125,-2.584974517822266,1.5155666841905753,985.7572937011719,176.54261779785156
10224,-0.8214916992187501,-8.853189697265625,0.039966888427734375,0.3674940217812028,985.7572937011719,174.21096801757812
10291,-3.626957702636719,-11.584859161376954,1.2906161499023439,1.08279662342394,985.7572937011719,170.75393676757812
10358,-5.19479736328125,-10.632689208984376,2.481389923095703,0.7018529426761146,985.7572937011719,165.36106872558594
10424,-5.952821044921875,-12.91484344482422,1.6792080688476563,0.6545691940819235,985.7268524169922,156.96432495117188
10491,-2.0642074584960937,-18.347795562744142,-7.521708526611328,2.9049161280528195,985.7268524169922,140.64859008789062
10558,-1.3724958801269531,-7.75791732788086,-0.5355862426757813,2.3258046249179234,985.7268524169922,122.47019958496094
10624,-1.1647279357910156,-9.282347259521485,-4.04324203491211,0.7316432298999767,985.7268524169922,111.1771240234375
10691,0.7482939147949219,-9.442214813232422,-4.547094268798828,0.5868092839511379,985.7268524169922,97.70074462890625
10758,5.2205438232421875,-6.090384979248047,-2.6665548706054687,1.6112788945117522,985.7268524169922,87.36784362792969
10824,4.249513092041016,-8.504115600585937,8.34709213256836,2.895169704581924,985.7268524169922,82.16293334960938
10891,-7.697443084716797,-14.574741668701172,1.0949729919433595,3.5606555190051106,985.7268524169922,77.43556213378906
10958,-2.811303863525391,-15.485747222900391,-2.934647369384766,1.3630151277791072,985.7268524169922,88.92793273925781
11024,2.5812322998046877,-6.4617626953125,-2.664459228515625,2.1902588661586395,985.7268524169922,86.43992614746094
11091,7.217391357421875,-9.049581298828125,-1.2666659545898438,1.5761299584357877,985.7268524169922,97.52452087402344
11158,-5.114564208984375,-8.64931365966797,6.692433013916016,3.1917368724231077,985.7268524169922,82.24946594238281
11224,0.9722282409667969,-9.618099060058594,-1.568588104248047,1.5518081984882648,985.7268524169922,79.68247985839844
11291,1.409169616699219,-10.089618530273437,0.36898269653320315,0.40127519514924154,985.7268524169922,78.41891479492188
11357,-4.7756689453125,-11.14836685180664,1.5904426574707031,1.4893642731637076,985.6995391845703,78.41891479492188
11424,-5.254373474121094,-12.207713928222656,1.5344590759277346,0.6859367969871085,985.6995391845703,77.12312316894531
11491,-4.451742553710938,-10.96724349975586,3.7881724548339846,0.6180845837957512,985.6995391845703,72.54412841796875
11558,1.8109341430664063,-20.210671691894532,-5.368286590576172,3.6647336982255894,985.6995391845703,61.401493072509766
11624,3.1284942626953125,-7.924371185302735,1.9773880004882813,3.0092273126103857,985.6995391845703,52.94274139404297
11691,-0.3986210632324219,-8.109236755371095,-0.7797285461425781,0.9623808006448388,985.6995391845703,54.493370056152344
11758,1.0901829528808595,-4.951403503417969,-0.2947370910644531,0.9560446417837191,985.6995391845703,50.83035659790039
11824,2.3799009704589844,-3.097508697509766,-0.5427713012695313,0.791680964749418,985.6995391845703,49.427425384521484
11891,3.442840576171875,-8.776998138427734,8.039182434082031,2.4956662948820467,985.6995391845703,49.427425384521484
11958,-9.463021545410157,-15.283517761230469,3.8492454528808597,3.722901848660465,985.6995391845703,51.696346282958984
12024,2.3813978576660157,-10.311606903076173,2.3215223693847657,2.361104291081368,985.6995391845703,66.3504638671875
12091,-0.38934036254882814,-8.880732421875,0.0185614013671875,0.9035172479393403,985.6995391845703,66.3504638671875
12158,-0.35715728759765625,-6.520590362548829,-6.1575952148437505,1.8673980759188955,985.6995391845703,67.47050476074219
12224,-4.539909210205078,-10.689271545410158,11.234138488769531,4.147231481256692,985.6995391845703,66.69770812988281
12291,0.118553466796875,-9.08954818725586,-0.8719367980957031,2.2443176254240345,985.6833648681641,63.47653579711914
12358,-4.101321258544922,-9.945767669677736,-0.41164398193359375,0.9347772839482565,985.6833648681641,63.70133590698242
12424,-2.5036935424804687,-12.24768081665039,1.7161811828613283,0.7780750169505587,985.6833648681641,63.70133590698242
12491,-3.248694305419922,-14.379397888183595,5.51857406616211,1.2698526759543234,985.6833648681641,64.80171203613281
12558,-7.082821197509766,-15.250885620117188,1.9185603332519532,1.2416561374438375,985.6833648681641,67.83143615722656
12624,-2.0948936462402346,-24.364683380126955,0.28650421142578125,2.248396848390925,985.6833648681641,61.402530670166016
12691,0.09654922485351564,-17.955162048339844,-0.9217831420898438,1.1359366539663112,985.6833648681641,59.580753326416016
12758,5.619913330078125,3.905827789306641,-3.393293609619141,5.896931828885811,985.6833648681641,52.130611419677734
12824,7.167694702148438,9.593250732421875,-4.23723861694336,2.9034994856350904,985.6833648681641,50.825164794921875
12891,0.2621049499511719,0.6352789306640625,-2.5770410156250003,5.58569204710308,985.6833648681641,51.96917724609375
12958,-8.79496078491211,-52.0771549987793,-10.074350280761719,14.60561421309036,985.6833648681641,56.448158264160156
13024,-9.2591455078125,-12.080029449462891,0.5355862426757813,6.63164471766354,985.6833648681641,60.34061050415039
13091,-1.3563294982910157,-14.559473419189453,8.365653533935546,3.2930703481076717,985.6833648681641,53.83656692504883
13158,-5.166955261230469,-1.3210029602050781,2.3270608520507814,3.754606841335798,985.6833648681641,55.139259338378906
13224,-0.2677931213378906,-2.9198281860351565,6.3688059997558595,1.5027643553936558,985.6833648681641,50.0722541809082
13291,-1.3964460754394532,-24.54011856079102,-6.684349822998048,6.601243411204932,985.657958984375,51.77414321899414
13358,-9.004524993896485,-13.049862670898438,1.1659254455566408,2.5612367449186024,985.657958984375,58.47512435913086
13424,4.477339324951172,-0.9252259826660156,-3.3533267211914066,4.601600912227827,985.657958984375,47.63412857055664
13491,5.803731079101563,5.012027435302735,0.24683670043945313,2.7051296481077873,985.657958984375,47.233646392822266
13558,1.1687695312500002,-1.2228071594238281,-4.9846343994140625,1.7145114991147938,985.657958984375,48.42790603637695
13624,-8.584947509765625,-61.19409622192383,-2.3535557556152344,15.943940859327329,985.657958984375,60.09397506713867
13691,-7.781418457031251,-13.48246307373047,2.0552261352539065,20.90921606817805,985.657958984375,60.1807975769043
13758,-3.8850210571289066,-10.772049407958985,8.041427764892578,5.8895626453571435,985.657958984375,52.99745178222656
13824,-5.5708154296875,0.5158273315429688,0.6309379577636719,13.680118011127078,985.657958984375,52.81381607055664
13891,0.09684860229492188,1.4558724975585937,8.273145904541016,3.703868780859825,985.657958984375,52.81381607055664
13958,-0.13127700805664064,-25.26401321411133,-4.3420207214355475,6.553759184149263,985.657958984375,51.70623016357422
14024,-9.128467254638672,-12.501403198242189,6.2155247497558594,3.3706086573891954,985.657958984375,58.7138557434082
14091,3.8934036254882813,-2.8213330078125,-4.009262695312501,4.452651756076063,985.657958984375,54.35437774658203
14158,4.306544494628906,5.649102630615235,-0.6432124328613281,2.9541490203538836,985.657958984375,52.457359313964844
14224,0.5095404052734376,5.7666082763671875,-1.2305909729003908,1.0566737078122752,985.6413269042969,50.25584030151367
14291,2.8095075988769533,-23.730452270507815,-5.4760624694824225,7.28061198358236,985.6413269042969,58.487125396728516
14357,-5.660478973388672,-15.09910125732422,6.653963012695312,3.4420848443471432,985.6413269042969,58.68682861328125
14424,-5.184768218994141,-8.920549621582031,5.1485435485839846,1.708914079176409,985.6413269042969,56.134521484375
14491,-6.707551574707032,-0.10343490600585938,0.9490264892578125,2.8282026449059505,985.6413269042969,57.27658462524414
14558,0.00089813232421875,-2.421065368652344,6.558461608886719,1.9433750755806207,985.6413269042969,56.31607437133789
14624,-1.695374450683594,-36.556081237792974,-7.294630737304688,9.087456018806993,985.6413269042969,58.01963424682617
14691,-9.909842376708985,-14.612014160156251,4.5197012329101565,4.493364840588836,985.6413269042969,66.03164672851562
14758,3.366199951171875,-4.808151397705078,-4.9458650207519534,4.692613106362614,985.6413269042969,58.496559143066406
14824,4.4933560180664065,6.798113250732422,-1.1602372741699218,3.8826135372466055,985.6413269042969,56.76933288574219
14891,-0.021405487060546877,6.22510482788086,6.048172760009766,3.2815751127279578,985.6413269042969,52.133296966552734
14967,0.6056405639648438,-41.224273681640625,6.939419403076172,12.86057494414035,985.6413269042969,60.97548294067383
15024,-8.75664047241211,-18.101856994628907,3.7248541259765626,3.4998444552668624,985.6413269042969,59.73758316040039
15091,-6.429579620361328,-8.045768737792969,5.288053436279297,2.8042967077948937,985.6413269042969,58.2672004699707
15158,-5.367987213134766,-0.7738906860351563,1.4251863098144533,3.028489958653752,985.6159973144531,56.452144622802734
15224,0.44622207641601563,-1.4374607849121095,8.518186340332031,2.2345303455604237,985.6159973144531,57.71384048461914
15291,-4.894372100830078,-35.0487158203125,-3.0133836364746096,5.961739709906888,985.6159973144531,57.71384048461914
15358,-9.051826629638672,-15.371085662841798,4.003424835205078,2.03073141765775,985.6159973144531,62.78004837036133
15424,4.8668293762207036,-3.65240478515625,-4.290078735351563,4.733673119658285,985.6159973144531,54.067344665527344
15491,4.223766632080078,5.941444702148438,-0.06601272583007813,3.3317442698170097,985.6159973144531,52.56855010986328
15558,-1.9008970642089844,7.51602035522461,-0.8708889770507813,1.8295269448181066,985.6159973144531,52.56855010986328
15624,3.391197967529297,-25.75169906616211,-3.7137771606445313,8.11530285243404,985.6159973144531,62.2093620300293
15691,-7.802973632812501,-16.081658020019532,0.9708810424804688,2.744408714513681,985.6159973144531,64.79750061035156
15758,-2.856958923339844,-13.389356689453125,7.456294555664063,2.1514920306232557,985.6159973144531,59.510746002197266
15824,-5.572162628173828,-4.450395355224609,0.5035528564453126,2.78659026387699,985.6159973144531,58.60664749145508
15891,-6.091133422851563,3.2385154724121095,8.94734390258789,3.113309663804397,985.6159973144531,57.48839569091797
15958,-0.27812164306640624,-12.550052032470704,-3.8946011352539065,4.532026496632071,985.6159973144531,57.440673828125
16024,-6.216273193359375,-19.291133880615234,3.7082386779785157,3.013155854011664,985.6159973144531,63.2518196105957
16091,0.8440946960449219,-7.8850030517578125,0.07319778442382813,2.7584156515778138,985.5842590332031,60.77631759643555
16158,3.999532928466797,-0.45265869140625004,-3.8446051025390626,2.8831857934229492,985.5842590332031,55.029056549072266
16224,0.9839039611816407,7.888296203613281,-0.12963043212890626,2.807511233086925,985.5842590332031,57.36620330810547
16291,0.6903643798828125,-8.479716339111329,-1.924248504638672,3.4367648624985323,985.5842590332031,63.84219741821289
16358,-10.022857360839843,-34.340688171386724,-3.153791656494141,8.256093907593932,985.5842590332031,70.50898742675781
16424,-2.5161177062988282,-19.819984130859375,0.0305364990234375,2.556296048118007,985.5842590332031,64.81980895996094
16491,-5.598507843017578,-8.018824768066407,3.9116656494140627,3.7008494893845807,985.5842590332031,63.74131393432617
16558,-7.733069000244141,0.2912942504882813,1.1347901916503906,3.047874499414435,985.5842590332031,63.74131393432617
16624,0.06451583862304688,-5.643564147949219,6.359674987792969,2.280115716468004,985.5842590332031,60.51496505737305
16691,-3.304827575683594,-32.055390472412114,-5.684578857421875,7.3211108639493325,985.5842590332031,60.96440505981445
16758,-9.514364776611329,-14.266382904052735,4.42794204711914,3.2823449321707425,985.5842590332031,64.92134094238281
16824,4.543501739501953,-2.9297076416015626,-3.587439880371094,5.26963200342268,985.5842590332031,56.84121322631836
16891,4.351451110839844,6.439608764648438,-0.3975732421875,3.4384214472840573,985.5842590332031,55.522518157958984
16958,-1.1816427612304687,3.422333221435547,-1.1538006591796877,1.4111423699549044,985.5842590332031,55.522518157958984
17024,2.8075616455078127,-15.36405029296875,-6.24860595703125,5.450546422937412,985.5506134033203,61.36134719848633
17091,-7.294930114746094,-18.114131469726562,0.43005569458007814,3.3788800302595194,985.5506134033203,67.96611022949219
17158,1.864373016357422,-17.387692108154297,4.043691101074219,1.8012152694352817,985.5506134033203,61.29298782348633
17224,-6.859186248779297,-6.76877426147461,1.9543359375,3.0982294828176915,985.5506134033203,57.684146881103516
17291,-8.236771545410157,4.932842102050781,5.212310943603516,3.761487510491824,985.5506134033203,57.15806198120117
17357,1.9851718139648438,-8.457562408447266,3.3673974609375,2.953960792311414,985.5506134033203,53.618751525878906
17424,-3.10155029296875,-56.00259201049805,-2.2397923278808594,13.029982784668267,985.5506134033203,58.21775817871094
17491,-4.854854278564454,-9.896071014404297,2.1942869567871095,8.34707577169633,985.5506134033203,59.54421615600586
17558,5.661227416992188,-0.026943969726562503,-7.399712219238282,5.588558011334428,985.5506134033203,53.930274963378906
17624,6.964567108154297,12.864398345947267,-0.7063810729980469,4.57987509196461,985.5506134033203,59.69227981567383
17691,4.9846343994140625,-5.816005554199219,-11.940968627929688,4.4022107468336795,985.5506134033203,57.34227752685547
17758,-15.382162628173829,-35.78548370361328,-2.1073178100585936,10.396604014121456,985.5506134033203,63.37489700317383
17824,-5.329367523193359,-4.089795227050781,4.482877807617188,6.031835811139386,985.5506134033203,59.07729721069336
17891,-6.4322740173339845,2.865042114257813,5.521717529296875,3.234619957006633,985.5506134033203,54.336891174316406
17958,2.066602478027344,-9.105115814208984,4.1728724670410156,3.06656595319327,985.5033874511719,55.39348220825195
18024,-2.930456085205078,-37.982015991210936,-5.539680175781251,8.185674210083565,985.5033874511719,55.39348220825195
18091,-5.304668884277344,-8.45396987915039,0.26300308227539065,5.5570809968963,985.5033874511719,56.11077880859375
18158,5.182672576904297,-0.09445358276367188,-2.740950164794922,7.977868325345338,985.5033874511719,51.612876892089844
18224,4.92221420288086,6.699468383789063,0.7514373779296876,4.3723251968354155,985.5033874511719,49.645263671875
18291,-0.7095245361328125,1.6067587280273439,-0.7849676513671875,1.1216544789610714,985.5033874511719,55.171424865722656
18358,-6.236630859375,-49.6677653503418,-1.3531860351562501,12.987694790483934,985.5033874511719,60.579341888427734
18424,-4.98927474975586,-15.832575988769532,0.44682083129882816,5.254964744506239,985.5033874511719,67.186279296875
18491,3.9740858459472657,-12.498259735107423,18.8055436706543,5.61258678753236,985.5033874511719,57.891056060791016
18558,-7.765102386474609,-4.473896484375,1.00830322265625,4.781934718959317,985.5033874511719,54.3868408203125
18624,-7.062313842773438,1.9561322021484375,4.230352935791016,2.2819187453830456,985.5033874511719,59.7437629699707
18691,0.7812254333496094,-7.250472564697266,2.022593994140625,2.6045967304372204,985.5033874511719,52.36518859863281
18758,-3.271297302246094,-48.59704193115235,4.8069538879394536,10.800242108903092,985.5033874511719,58.356483459472656
18824,-10.205776977539063,-13.15195037841797,1.8818865966796876,6.472919008061008,985.5033874511719,58.20966339111328
18891,4.91502914428711,-4.546345825195313,-6.318959655761719,5.426449763048558,985.4539489746094,49.3328857421875
18958,6.686595153808594,11.056607666015626,6.453080749511719,5.645827177754657,985.4539489746094,49.3328857421875
19024,-1.3332774353027343,3.6778518676757814,-3.3691937255859377,2.544709493286057,985.4539489746094,52.281864166259766
19091,4.006119232177735,-22.25781463623047,0.0724493408203125,6.7186576626473595,985.4539489746094,58.014286041259766
19158,-10.003098449707032,-21.93748077392578,-0.028141479492187503,3.636533468559206,985.4539489746094,63.41341018676758
19224,-0.32587234497070316,-12.373718719482422,9.13415542602539,2.9281256167035457,985.4539489746094,55.5075569152832
19291,-4.1656874084472655,-4.6511279296875,3.088227996826172,3.4846104382489864,985.4539489746094,54.3745002746582
19358,-6.432423706054688,0.9077124023437501,1.7537530517578126,2.395220790661121,985.4539489746094,58.66487503051758
19424,2.08606201171875,-0.9970765686035157,5.066065063476563,2.0921593871076176,985.4539489746094,54.010292053222656
19491,-4.6571154785156255,-29.133766021728515,-1.9248472595214845,7.734695674336498,985.4539489746094,57.30235290527344
19558,-9.573192443847656,-15.08428207397461,5.599256286621094,2.678509421402786,985.4539489746094,60.47255325317383
19624,4.1604483032226565,-5.838309173583984,-4.304897918701172,4.578325495723592,985.4539489746094,52.6541862487793
19691,3.918102264404297,4.025578765869141,-1.7083973693847656,3.2251352094815995,985.4539489746094,47.700927734375
19758,0.4331991577148438,9.275162200927735,0.42541534423828126,2.2796296808199292,985.4539489746094,47.700927734375
19824,2.548600158691406,-7.97346908569336,-4.222419433593751,4.056213518913809,985.4083251953125,53.50712585449219
19891,-7.226821746826173,-34.78421585083008,-3.4486784362792973,8.007063972757697,985.4083251953125,60.80525588989258
19968,0.9681866455078125,-16.046630859375,8.051606597900392,4.290663472546189,985.4083251953125,53.336936950683594
20024,-4.746030578613282,-6.846313018798829,2.792293395996094,3.2292948881839663,985.4083251953125,51.24506378173828
20091,-6.516997833251954,-1.986668701171875,1.3575270080566406,2.1471919038689724,985.4083251953125,55.07331466674805
20158,-0.512384490966797,4.855752410888672,6.061195678710938,2.775133020132789,985.4083251953125,51.33847427368164
20224,-3.7726048278808597,-14.02328842163086,-3.613485717773438,4.718844917556566,985.4083251953125,51.33847427368164
20291,-6.348148956298829,-26.325156555175784,10.030192108154298,5.078301025238671,985.4083251953125,58.7759895324707
20357,-0.7075785827636719,-11.95548843383789,-1.7070501708984376,3.6009322050359294,985.4083251953125,53.15472412109375
20424,2.9089009094238283,-1.3979429626464845,-3.4852024841308595,3.6356290745062414,985.4083251953125,43.301109313964844
20491,3.5343003845214844,6.472989349365235,1.7959652709960938,3.0212866864225565,985.4083251953125,37.47139358520508
20558,-0.3549119567871094,3.50630859375,0.8774752807617188,0.8596699878434986,985.4083251953125,37.47139358520508
20624,-6.6523164367675784,-45.99485321044922,-1.543440399169922,12.529137020487175,985.4083251953125,48.26036834716797
20691,-3.726500701904297,-11.146570587158203,-0.3656895446777344,5.624525233597711,985.4083251953125,48.78572463989258
20758,6.587501220703126,-4.812492370605469,1.4199472045898438,4.0221558771311505,985.3585815429688,43.53489685058594
20824,-2.341131591796875,-8.938961334228516,0.9764195251464844,1.5954180155507525,985.3585815429688,35.53776168823242
20891,-2.015558624267578,-3.4552647399902345,-2.305355987548828,1.5668951692669089,985.3585815429688,35.53776168823242
20958,3.010240173339844,-12.609927520751954,-1.5811619567871094,2.29043688531266,985.3585815429688,31.626529693603516
21024,-2.980302429199219,-12.70078857421875,-0.12663665771484375,1.3560808447054078,985.3585815429688,30.53502655029297
21091,-0.3555107116699219,-14.026581573486329,1.0138417053222657,0.6387587691760318,985.3585815429688,26.74753189086914
21158,-4.738995208740235,-8.440048828125,1.4635066223144533,1.592458507225016,985.3585815429688,23.15924072265625
21224,-0.250279541015625,-15.543078002929688,-3.3584161376953126,2.0634746846449668,985.3585815429688,15.362768173217773
21291,3.8467007446289063,-11.832144927978517,-2.0378622436523437,1.472149780845011,985.3585815429688,3.8170976638793945
21358,0.9925859069824219,-8.90752670288086,-1.4925462341308595,1.4545909396968173,985.3585815429688,354.721923828125
21424,0.5774990844726563,-7.2652917480468755,-1.4868580627441408,0.7836460416441638,985.3585815429688,350.68927001953125
21491,4.236041107177734,-5.03238510131836,-2.7654991149902344,1.160255210046632,985.3585815429688,344.8012390136719
21558,3.550017700195313,-5.827830963134766,4.814288635253907,1.7776732778516917,985.3585815429688,337.74310302734375
21624,-7.405101013183594,-19.442918243408204,1.9040405273437502,4.37399452713773,985.3585815429688,331.9410400390625
21691,-3.6229161071777347,-5.755680999755859,1.3684542846679688,2.7356373337840783,985.3156280517578,347.3134460449219
21758,-0.5671705627441407,-20.28910858154297,0.05134323120117188,3.1070049784528213,985.3156280517578,342.77154541015625
21824,5.719456329345704,-3.6443215942382814,-7.529043273925781,4.275100548093103,985.3156280517578,336.3699951171875
21891,-0.43604324340820316,-12.725786590576172,-0.19085311889648438,2.5594858862741656,985.3156280517578,352.88623046875
21958,-1.5522720336914064,-9.56136703491211,0.31210098266601566,0.7151323107762861,985.3156280517578,339.7528991699219
22024,4.162843322753907,-9.413923645019532,-1.3389656066894533,1.353859416927079,985.3156280517578,340.8399658203125
22091,-2.335293731689453,-9.321266326904297,0.4002676391601563,1.3193292966577206,985.3156280517578,339.81121826171875
22158,-2.629282379150391,-10.248887329101564,0.6912625122070313,0.5223374317037687,985.3156280517578,339.81121826171875
22224,-1.6590000915527345,-11.219019927978517,2.189796295166016,0.5489290683887846,985.3156280517578,338.51361083984375
22291,-5.074597320556641,-12.41188934326172,2.5530908203125002,0.9800479077393,985.3156280517578,331.8395080566406
22358,2.0212467956542968,-18.149757385253906,-4.137845306396485,2.812708234325467,985.3156280517578,320.49920654296875
22424,2.4960594177246094,-7.795040130615234,1.2002041625976563,2.4349657189548353,985.3156280517578,311.7190246582031
22491,-0.11765533447265626,-8.596323852539063,-0.7586224365234375,0.6861110520990822,985.3156280517578,307.7943115234375
22558,1.5612533569335938,-7.771239624023438,-2.894231414794922,0.7281654228786617,985.3156280517578,299.1575012207031
22624,3.979025573730469,-2.6336233520507815,-1.411864013671875,1.5330583106048699,985.2715301513672,298.01611328125
22691,3.320544891357422,-7.424111480712891,5.962850189208985,2.0837097888426515,985.2715301513672,296.7439880371094
22758,-6.735543365478516,-16.862584075927735,3.3823663330078126,4.184706724948974,985.2715301513672,295.0965881347656
22824,1.1018586730957032,-17.672400054931643,-0.8921447753906251,1.7549213805775923,985.2715301513672,308.02423095703125
22891,1.6675323486328126,-2.9753627014160156,0.5643264770507813,3.6387714947436884,985.2715301513672,309.21575927734375
22958,3.066822509765625,-13.598621520996094,-6.049220581054688,2.25536332698979,985.2715301513672,311.5415954589844
23024,-2.38304443359375,-9.437275085449219,3.458258514404297,2.4510517794943727,985.2715301513672,307.5583190917969
23091,1.0678793334960939,-8.763226776123048,-1.5745756530761719,0.9521197668106622,985.2715301513672,299.2084655761719
23158,1.2605287170410158,-8.224796447753906,0.3480262756347656,0.5425525994038971,985.2715301513672,294.90765380859375
23224,-2.912044372558594,-10.552605743408204,-0.4207749938964844,1.2987611695715793,985.2715301513672,293.11773681640625
23291,-2.3102957153320314,-12.089759216308595,1.0903326416015626,0.6426249294949031,985.2715301513672,291.45458984375
23357,-4.8455735778808595,-14.107413482666017,3.1491513061523437,1.1878871762393888,985.2715301513672,282.4545593261719
23424,0.5459147644042969,-16.576079864501953,-4.010310516357422,2.1983544033149642,985.2715301513672,277.5406494140625
23491,1.9161653137207033,-9.435628509521484,1.7066011047363283,2.0061368679965494,985.2715301513672,263.1916198730469
23558,-0.7656578063964844,-9.237889709472658,-2.3369403076171875,1.0159747144521962,985.2375793457031,253.5836944580078
23624,2.1833596801757813,-8.511300659179687,-3.982318725585938,0.9044627771845729,985.2375793457031,247.55355834960938
23691,4.577331390380859,-2.895428924560547,-0.8921447753906251,1.7705868155432951,985.2375793457031,243.89256286621094
23758,4.252806243896485,-9.004974060058593,3.913312225341797,2.100886767702239,985.2375793457031,239.95899963378906
23824,-7.739655303955079,-16.29945510864258,2.6171575927734376,3.6568816518375415,985.2375793457031,236.83302307128906
23891,-3.675905914306641,-16.982634429931643,-1.6494200134277344,1.361908423461249,985.2375793457031,255.1585235595703
23958,3.337310028076172,-3.2915052795410156,-1.052611083984375,3.726381249158634,985.2375793457031,250.0320587158203
24024,11.48456771850586,-8.0424755859375,-3.7318894958496096,2.616726441751472,985.2375793457031,256.1836242675781
24091,-5.565276947021484,-9.139544219970704,4.194277954101563,4.079370391560016,985.2375793457031,254.4258575439453
24158,2.954406280517578,-9.18489990234375,-0.5873785400390625,1.4327571380874509,985.2375793457031,245.7791290283203
24224,2.8663893127441407,-9.341474304199219,-1.1247610473632812,0.432367311268511,985.2375793457031,246.93080139160156
24291,-3.0289512634277345,-9.263037414550782,-0.004640350341796875,1.4172606274411483,985.2375793457031,246.93080139160156
24358,-3.6730618286132812,-12.940889282226562,0.30895751953125,1.0593807642686668,985.2375793457031,248.3618927001953
24424,-3.7973034667968752,-12.457993469238282,2.601140899658203,0.635096333451958,985.2375793457031,243.9044952392578
24491,1.9392173767089844,-16.128660278320314,-1.6256195068359376,1.9122975578768173,985.2375793457031,236.95643615722656
24558,6.800059204101563,-10.22867935180664,0.113763427734375,2.0058683015942274,985.2104187011719,223.47817993164062
24624,1.1105406188964844,-6.864724731445313,-1.3045372009277345,1.5746075120091951,985.2104187011719,223.47817993164062
24691,-0.52929931640625,-7.067403259277344,-1.9712507629394531,0.7489018926686606,985.2104187011719,219.31443786621094
24758,5.810467071533203,-2.1607566833496095,-2.0290306091308596,1.915694367862543,985.2104187011719,217.01829528808594
24824,4.0724313354492185,-5.045108642578125,1.7562977600097658,1.01315863039269,985.2104187011719,217.01829528808594
24891,-11.124716033935547,-22.90641586303711,3.3082704162597656,5.984359146539056,985.2104187011719,218.7305908203125
24968,4.379442901611329,-14.304703216552735,-3.344046020507813,3.4389275288239434,985.2104187011719,233.85128784179688
25025,2.505340118408203,-5.9056690979003905,-0.34623001098632816,2.152490439444375,985.2104187011719,230.45677185058594
25091,3.592678985595703,-7.001240844726563,-5.459896087646484,1.359742620957694,985.2104187011719,236.10308837890625
25158,-3.5486705017089846,-10.709778900146485,5.037773895263672,2.977366955666176,985.2104187011719,234.0150604248047
25224,0.5457650756835938,-8.854087829589844,0.20103195190429687,0.9104870081097693,985.2104187011719,230.1558074951172
25291,2.9136909484863285,-8.776549072265626,-0.6845265197753907,0.8383486063824444,985.2104187011719,233.7173614501953
25358,-3.500321044921875,-10.575059051513673,1.2816348266601563,1.5332549607261294,985.2104187011719,233.7173614501953
25424,-4.618645477294922,-11.749067687988282,0.06077362060546875,0.8430819001639974,985.2104187011719,233.7173614501953
25491,-4.005969543457032,-12.869038696289063,2.508483581542969,0.6326467621065122,985.1984405517578,230.03724670410156
25558,3.2936009216308597,-19.160455627441408,-6.4809228515625,3.236647865377564,985.1984405517578,221.28109741210938
25624,3.520529022216797,-7.583679656982422,-0.5851332092285156,2.466383664934307,985.1984405517578,212.6752471923828
25691,-0.2549198913574219,-6.380930786132812,-0.5128335571289063,1.6892390290636208,985.1984405517578,214.03121948242188
25757,0.7337741088867188,-7.1771250915527345,-3.3156051635742188,0.6470051867720631,985.1984405517578,209.64564514160156
25824,5.539979553222657,-0.610580291748047,-1.6994160461425782,1.9852955006688766,985.1984405517578,209.64564514160156
25891,1.8446141052246094,-9.526040496826173,5.9426422119140625,2.6967094949383803,985.1984405517578,212.1671905517578
25958,-11.48935775756836,-18.311570892333986,5.431455230712891,4.386822654416825,985.1984405517578,220.8002166748047
26024,4.754263458251954,-13.092673645019532,0.8650511169433595,3.7159950776272024,985.1984405517578,229.14004516601562
26091,2.5773403930664065,-6.985673217773438,-1.543739776611328,1.7344930052349568,985.1984405517578,223.66392517089844
26158,3.8038897705078125,-7.72678207397461,-5.212610321044922,1.0861539736319636,985.1984405517578,233.16539001464844
26224,-3.5570530700683594,-9.79083984375,3.8381684875488284,2.7057332762804736,985.1984405517578,233.59593200683594
26291,0.34518218994140626,-9.384584655761719,0.14190490722656252,0.6834223592741534,985.1984405517578,228.40805053710938
26357,1.6886384582519531,-8.208480377197265,-0.6439608764648438,0.6300355193634873,985.1984405517578,232.6117706298828
26424,-2.917283477783203,-10.555000762939454,0.8948391723632813,1.1952504631750482,985.1932525634766,232.6117706298828
26491,-3.8642143249511722,-11.964918823242188,-0.017064514160156252,0.7065652531194417,985.1932525634766,233.7053680419922
26558,-4.461322631835937,-13.262570343017579,1.1091934204101563,0.5759985609296183,985.1932525634766,231.29188537597656
26624,2.052831115722656,-16.828005981445312,-2.7201434326171876,2.059842240155246,985.1932525634766,228.33438110351562
26690,5.5269566345214844,-11.20869140625,0.45340713500976565,1.8000956421443002,985.1932525634766,213.8461456298828
26758,0.12334350585937501,-7.713160400390626,-1.3329780578613282,1.586710960993489,985.1932525634766,212.3630828857422
26824,0.8589138793945313,-7.847281494140625,-1.6001724243164064,0.30356299810449494,985.1932525634766,207.453125
26891,5.195096740722657,-1.7311500549316408,-2.0448976135253907,1.765300286467184,985.1932525634766,206.4418487548828
26958,1.991159362792969,-4.844376068115235,2.1368064880371094,1.1655778225699116,985.1932525634766,206.4418487548828
27024,-10.321486358642579,-27.10877700805664,8.880882110595703,6.761017105029855,985.1932525634766,203.15061950683594
27091,0.7658074951171875,-5.830675048828125,0.09026229858398438,4.779331882100391,985.1932525634766,219.05035400390625
27158,5.651198272705078,-16.448545074462892,-3.591182098388672,3.163436346971195,985.1932525634766,218.1413116455078
27224,5.143603820800782,-1.1648776245117187,-5.767057342529297,3.480211717925215,985.1932525634766,224.42454528808594
27291,-0.8289761352539063,-12.646900634765625,-1.1358380126953125,2.795341837076442,985.1932525634766,234.90672302246094
27358,-2.7032286071777345,-8.812025299072266,-0.8378077697753906,0.9326364534941517,985.1932525634766,230.3580322265625
27424,1.3293855285644531,-8.881780242919922,1.6426840209960938,1.0234727490246092,985.1932525634766,228.66224670410156
27491,-0.7625143432617187,-10.793903961181641,-2.538720703125,1.0095491236142051,985.1932525634766,227.28236389160156
27558,-1.2966036987304688,-15.497722320556642,2.319426727294922,1.620215384224445,985.1932525634766,229.6544952392578
27624,-3.393892364501953,-10.54242691040039,5.647006988525391,1.5235701889055573,985.1932525634766,233.53762817382812
27691,-1.853595428466797,-16.655115509033205,-0.4650828552246094,2.342245996685823,985.1932525634766,235.058837890625
27758,1.025068359375,-23.202051086425783,2.0073257446289063,2.2603495910586684,985.1932525634766,231.5836639404297
27824,1.3618679809570313,-18.03554489135742,-2.5177642822265627,1.2582818042685222,985.1932525634766,225.3997802734375
27891,5.801785125732422,2.3079006958007815,-2.2472767639160156,5.425283531425663,985.1932525634766,220.96466064453125
27958,4.886438598632813,7.771988067626953,-5.592520294189454,2.7953611158036042,985.1932525634766,217.31871032714844
28024,-0.51013916015625,-0.46104125976562504,-0.18711090087890625,2.2457010427997286,985.1932525634766,217.31871032714844
28091,1.6176860046386718,-21.388272857666017,-8.910819854736328,5.8935382799878315,985.1932525634766,227.3556671142578
28158,-4.600233764648438,-11.702664184570313,2.629432067871094,3.022910176883292,985.1932525634766,241.9390411376953
28224,-3.869303741455078,-25.261468505859376,-2.96742919921875,3.2383560840304906,985.1932525634766,235.3103790283203
28290,0.7961943054199219,-14.175521850585938,6.581513671875,3.1608949311348633,985.1932525634766,235.3103790283203
28358,-5.837261352539063,-5.847739562988282,2.0115170288085937,2.9844738078073543,985.1932525634766,233.18043518066406
28424,-6.753356323242188,3.8470001220703125,3.9676492309570315,3.1400944172402214,985.1932525634766,232.6705780029297
28490,1.6100518798828125,-7.020850067138673,2.691852264404297,2.7656961156409934,985.1932525634766,232.6705780029297
28558,-3.7714073181152346,-46.72473541259766,-2.029928741455078,10.521957531119211,985.1932525634766,234.3978271484375
28624,-10.287656707763672,-13.697865142822266,1.6857943725585938,5.978550697309529,985.1932525634766,235.70079040527344
28691,5.44672348022461,-4.148772583007813,-4.752616882324219,5.349819043920661,985.1932525634766,228.88768005371094
28758,1.781744842529297,7.895481262207031,0.7722441101074219,3.6608801823091817,985.1932525634766,224.54075622558594
28824,0.21809646606445313,4.1817041015625005,-2.864593048095703,0.8646455274374755,985.1932525634766,232.17678833007812
28890,3.243754577636719,-32.32213577270508,-2.9569509887695316,9.052782757726542,985.1932525634766,230.91212463378906
28958,-2.7795698547363283,-16.944912872314454,-2.345771942138672,2.232362794829148,985.1932525634766,243.11766052246094
29024,-6.774911499023438,-21.142483978271486,0.8253836059570313,1.7571773276687215,985.1932525634766,234.79449462890625
29091,-3.4179922485351564,-6.09053466796875,0.24264541625976563,3.599793469094022,985.1932525634766,233.33192443847656
29158,-6.600673828125,1.2807366943359375,4.7373486328125,2.875369783246303,985.1932525634766,233.33192443847656
29224,1.823657684326172,-2.9725186157226564,4.309388580322266,1.9482220596334143,985.1932525634766,228.95616149902344
29291,-4.574038238525391,-40.24306411743164,-5.392835540771484,9.74181818990675,985.1932525634766,231.0228271484375
29357,-8.7322412109375,-14.371763763427735,2.6975404357910158,3.9854364778416516,985.1932525634766,235.1670684814453
29424,5.858517150878907,-4.4351271057128905,-2.2841001892089845,5.270451369526006,985.1932525634766,227.82496643066406
29491,4.873265991210938,5.780080261230469,-0.1722917175292969,3.613664771056962,985.1932525634766,223.93377685546875
29558,-1.73638916015625,5.157524871826172,-1.7708175659179688,1.713169960839857,985.1932525634766,227.99317932128906
29624,2.763702850341797,-12.63941619873047,-10.227930908203126,4.843900828831478,985.1932525634766,234.5837860107422
29691,-5.220244445800781,-22.008133850097657,2.0935464477539063,4.618825415818973,985.1932525634766,244.74859619140625
29758,-2.2194346618652343,-16.75510757446289,-3.8806800842285156,1.123670199978295,985.1932525634766,233.6110076904297
29824,-4.412075042724609,-7.485034790039063,1.6157400512695312,2.488237184801276,985.1932525634766,229.11380004882812
29891,-5.97841781616211,0.9476792907714844,2.064357147216797,2.7644274121704133,985.1932525634766,230.59703063964844
29969,2.122885437011719,-2.108814697265625,2.511028289794922,1.9038992030676474,985.1932525634766,228.57801818847656
30024,-2.5274940490722657,-18.769917755126954,-2.454595642089844,4.411859288375666,985.1932525634766,228.57801818847656
30091,-8.252488861083984,-18.20409439086914,4.0037242126464845,2.2608559449672456,985.1932525634766,235.59410095214844
30158,2.1308189392089845,-10.342891845703125,-0.9514215087890625,2.9447718306965043,985.1882171630859,229.750732421875
30224,4.567601623535157,-0.626297607421875,-2.9138406372070316,3.17154750649273,985.1882171630859,221.6108856201172
30291,3.623514862060547,10.512489166259765,5.954766998291016,4.05083764754263,985.1882171630859,220.38548278808594
30358,-1.768422546386719,-3.8145176696777345,-6.769822082519531,4.030516574087595,985.1882171630859,224.9783477783203
30424,-3.5187327575683596,-43.17546615600586,1.7380357360839844,10.6455805847918,985.1882171630859,235.97645568847656
30491,-2.455194396972656,-8.714428253173828,-4.428091735839844,6.101049067300583,985.1882171630859,234.3152618408203
30558,4.831203460693359,-3.872896270751953,5.143603820800782,3.8880653694449117,985.1882171630859,237.3728485107422
30624,-0.41987686157226567,-10.286908264160157,-0.7310797119140625,1.5739465448599441,985.1882171630859,232.5797119140625
30691,-0.5462141418457032,-6.930138702392578,-0.8753796386718751,0.7092221555785426,985.1882171630859,234.6593780517578
30758,-0.5785469055175781,-11.533216552734375,-0.29458740234375,1.0042648211192644,985.1882171630859,234.6593780517578
30824,-3.4310151672363283,-12.992531890869142,-1.6347505187988283,1.0054394108851312,985.1882171630859,233.5518035888672
30890,-2.253414001464844,-14.155912628173828,-0.124541015625,0.5470229917927625,985.1882171630859,229.9388885498047
30958,2.6613157653808597,-11.234288177490235,1.8994001770019533,1.5165011398854122,985.1882171630859,224.65634155273438
31024,5.858367462158204,-16.143030395507814,-4.149371337890625,2.063601122032804,985.1882171630859,214.6103515625
31091,1.7821939086914063,-6.949598236083984,-0.9021739196777344,2.2116830137646195,985.1754760742188,213.23268127441406
31158,0.3058140563964844,-8.433911590576173,0.6807843017578126,0.7676369011189873,985.1754760742188,213.23268127441406
31224,2.1930894470214843,-6.375242614746094,-2.309397583007813,0.8920068538424173,985.1754760742188,207.94143676757812
31290,4.185146942138672,-3.5474729919433594,-0.23740631103515628,1.0873914224407906,985.1754760742188,207.94143676757812
31358,1.4922468566894531,-15.716267852783204,11.00077377319336,4.087315213749792,985.1754760742188,203.08224487304688
31424,-10.411299591064454,-15.058685302734375,4.91218505859375,3.2541325732979742,985.1754760742188,211.00497436523438
31491,4.691394195556641,-11.73125473022461,-3.3209939575195313,3.8174937569458605,985.1754760742188,208.6085968017578
31558,3.300486602783203,-6.841223602294923,8.58135498046875,2.8152577227181217,985.1754760742188,207.50086975097656
31624,2.4664210510253906,-6.593788146972656,-9.368717651367188,3.977067635453474,985.1754760742188,209.2161865234375
31691,-1.0773097229003907,-11.04148910522461,6.748865661621094,3.459469861094168,985.1754760742188,209.31671142578125
31758,2.412533111572266,-9.324709167480469,-0.9288185119628907,1.3258439574778784,985.1754760742188,207.1728515625
31824,1.0523117065429688,-8.532706146240235,-0.250279541015625,0.2735105553726627,985.1754760742188,209.6060028076172
31891,-2.092049560546875,-10.367740173339845,0.4716691589355469,1.0556375260798019,985.1754760742188,208.10919189453125
31958,-0.6439608764648438,-11.457623748779298,2.506387939453125,0.6755538498170107,985.1754760742188,206.0334014892578
32024,-2.957699432373047,-14.782060546875,2.622396697998047,1.1236846849131246,985.1518249511719,201.3026580810547
32091,-0.899329833984375,-9.30030990600586,0.24938140869140626,1.3753218059587915,985.1518249511719,193.2411651611328
32159,6.188580780029297,-16.944014739990234,-5.093907165527344,2.896419466852893,985.1518249511719,183.6783447265625
32224,-0.48514114379882817,-8.295599212646485,-0.31823822021484377,2.2027046013666527,985.1518249511719,174.435791015625
32291,0.45834686279296877,-8.990454254150391,-2.3728656005859374,0.2996067353182758,985.1518249511719,165.36741638183594
32358,3.7181181335449223,-6.14367416381836,-1.833237762451172,1.119893271807825,985.1518249511719,159.49363708496094
32424,4.915178833007813,-4.490960998535156,0.9162446594238282,1.0616666748953527,985.1518249511719,154.13287353515625
32490,4.2116418457031255,-14.759158172607423,9.71030731201172,3.388942139677405,985.1518249511719,146.35430908203125
32559,-6.883585510253907,-10.330467681884766,1.4034814453125,3.196291877539928,985.1518249511719,151.7701416015625
32624,0.9845027160644532,-19.38618621826172,1.4706916809082031,2.5120576991332677,985.1518249511719,159.71925354003906
32691,5.468128967285157,-3.289409637451172,5.026547241210937,3.858486570838184,985.1518249511719,153.19442749023438
32759,5.00319580078125,-9.729617156982423,-6.422095184326172,2.7730424690970468,985.1518249511719,158.42166137695312
32824,-0.7559280395507812,-9.955497436523437,2.0627105712890628,2.019534869524025,985.1518249511719,152.08193969726562
32891,3.4254766845703126,-8.393795013427734,-0.9470805358886719,0.8392054424445209,985.1518249511719,147.72752380371094
32959,0.8431965637207032,-8.337961120605469,0.12618759155273437,0.5245599445451771,985.1266479492188,144.68490600585938
33024,-0.14864089965820312,-11.001522216796875,-1.404529266357422,0.8011965825650081,985.1266479492188,142.2379150390625
33091,-1.6435821533203125,-11.959230651855469,3.4146990966796875,1.2508132207503369,985.1266479492188,137.4464111328125
33159,-3.2421080017089845,-14.13780029296875,2.6911038208007816,0.8837090676956046,985.1266479492188,133.70126342773438
33224,0.25267456054687504,-13.428575134277345,-2.224823455810547,1.4158891520455121,985.1266479492188,119.92373657226562
33290,5.002896423339844,-11.525432739257813,-3.706143035888672,1.5308445188959754,985.1266479492188,108.82469177246094
33359,-1.4639556884765625,-7.984096984863282,-1.517095184326172,1.942489051127756,985.1266479492188,98.81405639648438
33424,2.4074436950683595,-10.812914428710938,-2.495310974121094,0.7542314065459391,985.1266479492188,87.35157775878906
33490,3.063978424072266,-7.8570112609863285,-1.456022186279297,0.6490539264593266,985.1266479492188,78.50106811523438
33559,4.005819854736329,-4.952002258300782,-1.6238232421875,1.0403575697788003,985.1266479492188,72.79005432128906
33624,5.303171997070312,-5.448370056152344,6.422244873046876,2.0586690024897796,985.1266479492188,66.70756530761719
33691,-5.638175354003907,-21.946162719726562,9.30749496459961,4.885126730860996,985.1266479492188,63.16667556762695
33759,-4.87865478515625,-5.4072056579589844,-5.888305206298829,4.265833280185708,985.1266479492188,75.13655090332031
33824,3.913162536621094,-12.40186019897461,0.23935226440429688,2.4353909367109075,985.1266479492188,72.52792358398438
33891,6.521039428710938,-0.9924362182617188,-8.036038970947265,3.239878709026534,985.1038360595703,71.51620483398438
33959,-1.3995895385742188,-14.718891906738282,0.5358856201171875,3.546825308973342,985.1038360595703,80.83314514160156
34024,-2.0242405700683594,-8.461005249023438,0.27138565063476566,1.083259133600203,985.1038360595703,72.71011352539062
34090,5.294190673828125,-8.017926635742189,-2.618654479980469,1.7775645012475265,985.1038360595703,71.52523803710938
34159,-0.6815327453613281,-9.305399322509766,-0.7665559387207032,1.1104635505490603,985.1038360595703,70.33235168457031
34224,3.174448699951172,-10.864407348632813,-0.7143145751953125,0.8301738210079277,985.1038360595703,69.1160888671875
34291,-3.4530194091796877,-13.183235321044922,0.42810974121093753,1.6635280739550524,985.1038360595703,70.69868469238281
34359,-5.1150132751464845,-13.905034332275392,1.4299763488769532,1.0304360261731935,985.1038360595703,70.69868469238281
34424,2.1474343872070314,-16.200510864257815,-0.3990701293945313,1.733245712953434,985.1038360595703,63.85060501098633
34490,8.699459381103516,-12.710668029785158,-1.6600479125976564,2.1769951001260543,985.1038360595703,47.378929138183594
34559,0.6809339904785157,-9.31707504272461,0.43484573364257817,1.9451420418726297,985.1038360595703,47.378929138183594
34624,0.11076965332031251,-12.040960693359375,0.15283218383789063,0.8549735397250671,985.1038360595703,45.76976776123047
34690,-1.3012440490722657,-3.440295867919922,3.7389248657226566,2.2366196569199,985.1038360595703,45.76976776123047
34759,1.5382012939453127,1.9754420471191407,3.315754852294922,1.8869622934586687,985.1038360595703,201.44415283203125
34824,-0.14864089965820312,-3.0599368286132815,3.682342529296875,0.8069232187055582,985.1038360595703,199.98948669433594
34891,11.286529541015625,-20.24225601196289,2.863096160888672,5.28688349840007,985.0804901123047,30.92496109008789
34969,-5.123096466064453,-3.2121702575683595,2.694247283935547,4.629236278095775,985.0804901123047,48.6993408203125
35025,0.43604324340820316,-13.31960174560547,-2.3035597229003906,2.2232393665623142,985.0804901123047,50.702125549316406
35091,-4.649331665039063,-27.088419342041018,0.8128097534179688,4.067289351597047,985.0804901123047,58.956424713134766
35159,-6.070326690673828,-11.129206695556642,11.541299743652344,3.7041010296221892,985.0804901123047,60.54319381713867
35224,-1.242715759277344,-2.741399230957031,0.09804611206054688,3.432973556406883,985.0804901123047,53.26173782348633
35291,-4.860692138671875,0.587977294921875,6.77551025390625,2.10083852914409,985.0804901123047,49.00417709350586
35358,2.7300228881835937,-10.189011840820314,-1.380579071044922,3.2301105672776678,985.0804901123047,50.05512237548828
35424,-3.093167724609375,-33.78160079956055,3.0867311096191408,6.793139059954077,985.0804901123047,55.99390411376953
35491,-2.3810984802246096,-7.683821411132813,-0.004939727783203125,4.894430938502911,985.0804901123047,54.33896255493164
35559,4.8719187927246095,0.5706134033203125,-4.904550933837891,3.9799773327678842,985.0804901123047,46.2288818359375
35628,5.323230285644532,16.769627380371094,5.246290283203125,5.345831908823795,985.0804901123047,44.73893737792969
35691,2.348166961669922,-3.6919226074218754,-6.906936950683594,4.640890086293611,985.0804901123047,53.205997467041016
35759,-5.888005828857422,-33.798665313720704,2.4508534240722657,8.952154545832947,985.0804901123047,60.111148834228516
35824,-6.003565521240235,-19.05282943725586,-4.018543395996094,2.0445435023646055,985.0765991210938,60.35764694213867
35891,-1.320703582763672,-11.89890609741211,4.750970306396485,3.0648717361189504,985.0765991210938,54.9288444519043
35959,-4.550387420654297,-2.9130921936035157,0.7476951599121094,2.8933903034154813,985.0765991210938,54.9288444519043
36024,-6.392007751464844,6.070027313232422,4.405638427734376,3.10405337206498,985.0765991210938,55.65672302246094
36091,-1.1129356384277345,-10.64391586303711,-3.3832644653320316,4.035930612940773,985.0765991210938,55.85697937011719
36159,-6.6928820800781255,-18.063836059570313,9.272916870117188,4.002743565311219,985.0765991210938,62.85531997680664
36224,-3.872297515869141,-12.39228012084961,2.6050328063964847,1.3044808658295146,985.0765991210938,61.24441909790039
36291,4.847818908691407,-2.709814910888672,-3.8372703552246095,3.9329852536668573,985.0765991210938,51.16727828979492
36359,4.772824859619141,8.66802474975586,5.961952056884766,4.058206794810774,985.0765991210938,51.16727828979492
36424,-0.36404296875000003,-0.9102571105957031,-6.039341125488281,3.145653044157695,985.0765991210938,57.921875
36490,-5.265899505615234,-38.112843933105474,-0.9605525207519532,9.819281170064517,985.0765991210938,66.19670104980469
36559,-8.291407928466798,-21.076321563720704,-1.2168196105957032,2.162828925835029,985.0765991210938,70.43495178222656
36624,1.6720230102539064,-11.778256988525392,9.281299438476562,4.431694705998402,985.0765991210938,62.758182525634766
36691,-5.641767883300782,-2.813848571777344,0.4930746459960938,3.551414708787666,985.0765991210938,60.19709396362305
36759,-6.5327151489257815,0.9804611206054688,9.905651092529297,2.646570873014459,985.054931640625,59.17532730102539
36824,1.0988648986816407,-12.698243865966797,-5.324727172851563,4.808953701397368,985.054931640625,56.19054412841797
36891,-3.2814761352539064,-20.971838836669924,5.941594390869141,3.5097315792023207,985.054931640625,61.15615463256836
36959,0.42541534423828126,-6.089486846923829,1.1847862243652345,3.187331353534416,985.054931640625,54.680667877197266
37024,5.422174530029297,-2.661764831542969,-3.4670901489257813,2.5404876348388905,985.054931640625,49.25967025756836
37091,3.087778930664063,10.496023406982422,4.014950866699219,4.005375889449612,985.054931640625,52.19237518310547
37159,0.9499246215820313,-4.7997688293457035,-8.180338897705079,3.983009428652082,985.054931640625,57.00846481323242
37224,-5.455704803466797,-35.59582809448242,0.045205993652343755,8.715474944136385,985.054931640625,68.30351257324219
37291,-5.148842926025391,-16.299754486083984,-2.614912261962891,2.760085721927164,985.054931640625,61.137332916259766
37359,-1.895508270263672,-7.931256866455079,2.1954844665527347,3.076769150007199,985.054931640625,57.868064880371094
37424,-6.927893371582032,1.0328521728515625,2.9223728942871094,2.73696526585825,985.054931640625,59.916622161865234
37491,1.1958631896972658,-2.153272247314453,4.228406982421875,1.8380976424628628,985.054931640625,56.61745071411133
37559,-2.1909938049316406,-43.56091461181641,-5.464835815429688,10.546026104290297,985.054931640625,61.74126052856445
37624,-10.743458862304688,-14.715299377441408,4.219275970458985,5.000355420294417,985.054931640625,63.04545974731445
37691,6.489305419921875,-5.760920104980469,-5.191354522705079,5.679585119609078,985.0340270996094,54.05674362182617
37759,5.182822265625,8.48839828491211,0.8818162536621095,4.677852350399147,985.0340270996094,54.43451690673828
37824,-0.11810440063476563,0.7045848083496095,-1.4001882934570313,1.514050857693822,985.0340270996094,51.453651428222656
37891,4.8948211669921875,-41.476948242187504,3.2482452392578125,10.861963746358708,985.0340270996094,62.959537506103516
37959,-6.299200744628907,-16.36471939086914,0.5047503662109375,4.42519398176187,985.0340270996094,62.56362533569336
38024,-2.352657623291016,-12.269685058593751,7.093748474121094,2.1969472305041067,985.0340270996094,59.93214797973633
38091,-4.528233489990234,-4.623285827636719,-0.178428955078125,2.6405447345840467,985.0340270996094,58.50876235961914
38159,-7.331454162597657,3.100652160644531,5.168152770996094,2.868728648880338,985.0340270996094,54.68968963623047
38224,-0.7060816955566407,-11.589349822998047,-2.1282742309570315,3.84989239379113,985.0340270996094,59.575138092041016
38291,-7.46332992553711,-26.96492614746094,11.480975189208985,5.786845545186467,985.0340270996094,68.00161743164062
38358,1.6600479125976564,-9.83724334716797,1.0370434570312501,4.103804871029757,985.0340270996094,60.26567459106445
38424,4.758754119873047,-1.7077986145019532,-1.9318826293945313,3.3452343659671713,985.0340270996094,55.89716720581055
38491,2.015408935546875,7.500303039550782,4.680616607666016,3.3496396163740836,985.0340270996094,57.829105377197266
38559,-1.8086888122558595,-5.0904643249511725,-8.447982330322265,3.9234540092648404,985.0340270996094,62.29108810424805
38624,-0.5670208740234375,-15.74051742553711,7.80821273803711,4.663560002229603,985.0080871582031,64.89663696289062
38691,-4.044888610839844,-25.30412979125977,-2.404449920654297,3.7381306613145955,985.0080871582031,68.54713439941406
38759,7.121740264892578,-10.932515716552736,14.926061096191408,5.44652898804598,985.0080871582031,64.21788024902344
38824,-8.779991912841798,-6.721622314453126,2.1154010009765627,4.372671824857154,985.0080871582031,65.42689514160156
38891,-11.631861419677735,5.607040100097657,4.3349853515625005,3.9278652555393565,985.0080871582031,64.41268920898438
38959,-0.2989283752441406,-11.5008837890625,-0.9714797973632813,4.444857922831099,985.0080871582031,60.72664260864258
39024,-1.8637742614746096,-30.755942687988284,6.236331481933594,5.871428826623523,985.0080871582031,66.03556823730469
39091,-0.40625518798828125,-5.8125627136230476,-1.1117381286621095,4.512376292407609,985.0080871582031,60.95675277709961
39159,4.284839630126953,3.539389801025391,-3.6877313232421876,4.290950559893981,985.0080871582031,56.371604919433594
39224,0.7726931762695313,12.77937515258789,0.03622467041015625,3.4172529417654602,985.0080871582031,54.54963684082031
39291,3.733536071777344,-6.908284149169922,-5.87498291015625,3.8365113050635045,985.0080871582031,63.22748947143555
39359,-9.447004852294922,-40.49214614868164,0.3710783386230469,10.280453060213109,985.0080871582031,71.88648986816406
39424,-2.9021649169921875,-20.72125991821289,-6.583459625244141,3.0182016251543864,985.0080871582031,66.70207214355469
39491,-2.052681427001953,-9.562115478515626,2.858006744384766,3.9003743190240225,985.0080871582031,58.28282165527344
39559,-8.058492279052734,0.11406280517578125,3.8993911743164062,3.6647460456846583,984.9690246582031,58.28282165527344
39624,0.5221142578125,-2.1842578125000003,6.0641894531250005,1.9677638630563783,984.9690246582031,58.28282165527344
39691,-1.9691551208496094,-25.404720611572266,-4.772375793457032,6.2873864040191325,984.9690246582031,62.996219635009766
39758,-5.650449829101563,-17.837806091308593,1.5283218383789063,1.4410109668922386,984.9690246582031,65.67233276367188
39824,5.515580291748047,-1.2593312072753906,-1.8287471008300782,4.999685541997852,984.9690246582031,60.65278244018555
39891,3.6021093750000004,5.8212446594238285,-1.2584330749511718,2.8655693004860985,984.9690246582031,57.83417510986328
39962,-0.39772293090820315,-1.466799774169922,-4.667144622802734,1.866156511611994,984.9690246582031,61.97224044799805
40024,4.558320922851562,-18.833086395263674,-1.5173945617675781,4.753053338582851,984.9690246582031,61.97224044799805
40090,-8.31835189819336,-23.215523071289063,-1.3567785644531252,4.387297223290235,984.9690246582031,70.55067443847656
40159,-1.0005194091796876,-12.178674316406251,8.954079895019532,3.6046178602017296,984.9690246582031,65.29829406738281
40224,-4.0619531250000005,-4.307742004394531,1.020128631591797,3.534512579439486,984.9690246582031,63.53127670288086
40291,-7.1861064147949225,1.0457254028320313,1.156644744873047,2.3497645818037043,984.9690246582031,58.58076095581055
40359,3.4706826782226563,-5.80792236328125,3.8848713684082035,2.774178365072139,984.9690246582031,56.3929557800293
40424,-3.8251455688476566,-50.73055526733399,2.592009887695313,11.589867416818132,984.9690246582031,62.249385833740234
40491,-5.667813720703125,-12.119996337890626,-0.7339237976074219,6.870300290175441,984.9163818359375,65.79010009765625
40559,5.870791625976563,-2.033521270751953,-4.478836212158203,4.8737070650433365,984.9163818359375,58.588443756103516
40624,3.819457397460938,9.146729278564454,4.429588623046875,4.528001092798198,984.9163818359375,60.0964469909668
40691,-1.4397061157226563,-0.8339158630371094,-4.820276184082031,2.6712022493460768,984.9163818359375,62.111141204833984
40758,2.7234365844726565,-18.87799301147461,-2.4110362243652346,4.934537723932926,984.9163818359375,68.66224670410156
40824,-6.815327453613282,-22.875879364013674,1.1276051330566408,3.26064072294997,984.9163818359375,71.60198974609375
40891,2.073937225341797,-11.934981079101563,3.8324803161621097,2.8929237060067896,984.9163818359375,64.89173889160156
40959,-7.8796142578125,-4.31387924194336,1.3704002380371094,2.995812059188982,984.9163818359375,64.89173889160156
41024,-8.589737548828126,3.320844268798828,5.0940568542480476,2.8686570145658163,984.9163818359375,61.29899978637695
41091,2.6828709411621094,-9.809401245117188,-0.05478607177734375,3.8526675702877533,984.9163818359375,59.45853042602539
41159,-3.8022431945800785,-43.730362243652344,1.4462924194335938,9.234487512585533,984.9163818359375,67.41557312011719
41224,-2.421065368652344,-8.235574035644532,-3.7187168884277346,20.54615808722452,984.9163818359375,66.33143615722656
41291,4.838837585449219,0.67300048828125,-3.8546342468261723,7.5515182665309455,984.9163818359375,57.91281509399414
41358,2.8946804809570312,12.051289215087891,4.57014633178711,5.282913242291699,984.9163818359375,57.88887023925781
41424,1.2784913635253907,-5.472769317626954,-3.1500494384765627,3.85466083640538,984.8873901367188,63.91672134399414
41491,-8.714877319335939,-49.694409942626955,0.5191204833984375,12.234726694966534,984.8873901367188,72.17434692382812
41559,-1.7428257751464844,-13.809532928466798,-2.035467224121094,6.101554896080723,984.8873901367188,66.89274597167969
41624,-5.30975830078125,-9.077722778320313,3.386407928466797,2.8012562052831025,984.8873901367188,63.36143112182617
41691,-8.086184692382814,2.7830126953125003,4.601730651855469,3.7585918474282374,984.8873901367188,61.50863265991211
41759,2.2781126403808596,-7.087012481689453,2.6496400451660156,2.8689417901999414,984.8873901367188,58.03107452392578
41824,-2.904559936523438,-50.25050354003906,-3.1915132141113283,11.309928466184958,984.8873901367188,65.28021240234375
41891,-2.9774583435058597,-9.152417449951173,-1.905088348388672,7.482190388674839,984.8873901367188,65.046630859375
41958,5.2594628906250005,0.5120851135253907,-3.935915222167969,4.763214961678964,984.8873901367188,59.039371490478516
42024,5.483546905517579,13.078453216552735,3.0638287353515627,4.547836639358174,984.8873901367188,56.32930374145508
42091,0.7231462097167969,-4.457580413818359,-3.8278399658203126,3.7329444022150833,984.8873901367188,61.60209274291992
42159,-3.442840576171875,-41.24642761230469,-6.33003662109375,10.159316690109057,984.8873901367188,69.72727966308594
42224,-6.1293040466308595,-17.14160385131836,-2.6807752990722657,3.718926945160601,984.8873901367188,66.27566528320312
42291,-2.631976776123047,-8.451574859619141,2.518512725830078,3.4441288699521255,984.8873901367188,60.32381820678711
42359,-6.960675201416016,0.035176849365234374,1.703906707763672,3.0341013729749498,984.8307800292969,61.58774185180664
42424,-5.755830688476562,1.471739501953125,5.9040225219726565,1.5368733514390869,984.8307800292969,61.58774185180664
42491,-1.9294876098632814,-27.457102661132815,-2.7864555358886722,7.282140768994074,984.8307800292969,61.58774185180664
42558,-7.83695297241211,-15.440241851806642,1.387614440917969,1.8550787059268325,984.8307800292969,64.878662109375
42624,3.8071829223632814,-6.104904785156251,-2.196083221435547,3.7899092579284206,984.8307800292969,59.943851470947266
42691,3.5485208129882815,4.4370730590820315,-1.150806884765625,3.3503848923169284,984.8307800292969,58.28528594970703
42759,0.3519181823730469,6.0836489868164065,-1.8482066345214845,1.4065341002312453,984.8307800292969,58.28528594970703
42824,1.2719050598144532,-5.449417877197266,-4.087849273681641,2.6438391874123277,984.8307800292969,63.68821334838867
42891,-8.462801513671875,-40.95633087158203,4.295617218017578,10.013242388228615,984.8307800292969,67.98884582519531
42959,1.3739927673339845,-19.786753234863284,2.521805877685547,3.453164209106554,984.8307800292969,63.282779693603516
43024,-2.2977218627929688,-7.483986968994141,5.640270996093751,3.9114807586248137,984.8307800292969,56.89178466796875
43091,-7.029232635498047,-4.232897644042969,-0.12843292236328124,2.5180126834646015,984.8307800292969,59.42970657348633
43158,-3.91585693359375,4.688550109863281,0.16795074462890625,2.7199850203800335,984.8307800292969,58.41441345214844
43224,0.4034111022949219,-1.4317726135253908,0.28949798583984376,1.4725725481424266,984.8307800292969,52.3028564453125
43291,3.546724548339844,-48.95704330444336,0.5234614562988281,12.145477222595076,984.7891235351562,45.641746520996094
43358,1.3072315979003908,-4.941973114013672,0.8261320495605469,7.985262861079695,984.7891235351562,39.507843017578125
43424,4.469256134033204,-6.338419189453125,-0.6994953918457032,5.457432076255435,984.7891235351562,36.221553802490234
43491,1.610650634765625,-4.140539703369141,-0.233514404296875,1.791057985719307,984.7891235351562,39.338279724121094
43559,1.144669647216797,-7.999215545654297,-0.35715728759765625,0.549506147329565,984.7891235351562,39.338279724121094
43624,1.2316387939453126,-8.682694244384766,4.6343627929687505,1.2671285125643286,984.7891235351562,39.32124710083008
43691,-9.752070465087892,-19.089652862548828,2.4912693786621096,3.8450044902374954,984.7891235351562,37.30157470703125
43758,0.37242553710937504,-12.39317825317383,-1.3956976318359375,2.338062345932027,984.7891235351562,46.60426330566406
43824,2.5402175903320314,-7.54670654296875,-5.671705627441407,1.8438363759464764,984.7891235351562,36.2470703125
43891,9.097332000732422,-2.4562422180175782,-7.99502426147461,2.995672326021488,984.7891235351562,39.98680877685547
43959,1.967508544921875,-10.7632177734375,1.8568885803222657,3.0148765022118487,984.7891235351562,38.60395431518555
44024,0.18965560913085938,-10.31864227294922,-4.504732360839844,1.4944142082286058,984.7891235351562,35.47158432006836
44091,1.2237052917480469,-8.16072967529297,-1.2389735412597658,0.864561449261398,984.7891235351562,33.96057891845703
44158,3.400328979492188,-10.921139373779297,-0.8791218566894532,0.8455725176848015,984.7891235351562,29.84244155883789
44224,0.7934999084472657,-8.756490783691406,-1.8866766357421876,0.6736065673431376,984.7891235351562,28.454059600830078
44291,-1.4346166992187501,-10.549761657714845,-1.3521382141113283,0.7735095847082447,984.7453308105469,26.8885498046875
44358,-0.41508682250976564,-10.64675994873047,-0.9428892517089844,0.18654327829204892,984.7453308105469,22.620830535888672
44424,0.5764512634277345,-11.4625634765625,-3.5645375061035156,0.6131937263398656,984.7453308105469,22.620830535888672
44491,2.3813978576660157,-13.35986801147461,1.5328125000000001,1.2659396826378218,984.7453308105469,20.434799194335938
44558,3.316652984619141,-10.306966552734375,-1.2889695739746094,0.8549629997873677,984.7453308105469,20.434799194335938
44624,3.693718872070313,-10.797346801757813,-2.0420535278320315,0.3547333013764339,984.7453308105469,21.923513412475586
44691,0.9147477722167969,-11.315718841552735,-2.119442596435547,0.6663618964038783,984.7453308105469,21.923513412475586
44758,-0.13936019897460938,-9.702822875976564,1.146166534423828,0.9740674346734705,984.7453308105469,20.387001037597656
44824,-1.6682807922363283,-8.867410125732423,0.5367837524414063,0.5763156887625925,984.7453308105469,16.972618103027344
44891,-1.7365388488769533,-9.63172073364258,2.155218200683594,0.45370763354604504,984.7453308105469,13.814298629760742
44968,-1.2975018310546875,-6.80948959350586,7.775131530761719,1.6554664989140013,984.7453308105469,9.116560935974121
45025,-5.8775276184082035,-10.145602111816407,3.620072021484375,1.4656476074891436,984.7453308105469,5.9971771240234375
45091,-6.4446981811523445,-8.8280419921875,3.516936492919922,0.4923440826900293,984.7453308105469,1.539259433746338
45158,-3.199446716308594,-6.142776031494141,6.462361450195313,1.2161067016272906,984.7453308105469,351.6710205078125
45224,-7.284302215576172,-6.0162890625,4.304299163818359,0.9448178527567533,984.7089385986328,341.8526306152344
45291,-5.839057617187501,-6.395749969482422,9.591005401611328,1.2407918598202896,984.7089385986328,333.59454345703125
45359,-5.875881042480469,-5.798491973876954,8.286617889404297,0.06571751645547853,984.7089385986328,326.603515625
45423,-5.852379913330078,-6.348148956298829,7.985743560791016,0.14751637828402242,984.7089385986328,121.95855712890625
45491,-4.504283294677735,-6.428531799316406,7.008575592041016,0.4536333926572553,984.7089385986328,121.95855712890625
45558,-2.189945983886719,-4.491859130859376,6.549480285644532,0.7798575396420776,984.7089385986328,121.95855712890625
45624,-0.7409591674804688,-2.781815185546875,6.660699005126953,0.7433435950773671,984.7089385986328,123.22061157226562
45691,1.2108320617675783,-2.165995788574219,7.347620544433594,0.684376809239143,984.7089385986328,125.03038024902344
45758,2.834355926513672,-1.678759002685547,7.818990325927735,0.62800586721868,984.7089385986328,128.64309692382812
45823,1.869163055419922,0.15283218383789063,11.562405853271486,1.1115406466227102,984.7089385986328,131.8557891845703
45891,-0.0556842041015625,0.9434880065917969,8.890013122558594,0.716769775208786,984.7089385986328,134.776123046875
45959,0.9518705749511719,2.241887969970703,8.951834564208985,0.4855992125776416,984.7089385986328,135.9438934326172
46024,1.1603869628906252,2.112556915283203,8.929980010986329,0.12169250370003402,984.7089385986328,136.99298095703125
46091,0.5034031677246094,1.840422821044922,9.839788055419922,0.3611856660811013,984.7089385986328,138.25830078125
46158,0.2559677124023438,2.0472926330566406,9.39042251586914,0.17375754119092404,984.6878814697266,138.25830078125
46224,0.4029620361328125,2.1411474609375003,9.28354476928711,0.07086198686751834,984.6878814697266,139.3116455078125
46291,-0.09595046997070313,2.0802241516113282,9.68351303100586,0.13571682724817014,984.6878814697266,139.3116455078125
46358,-0.12603790283203126,1.9401155090332032,9.718839569091797,0.06848291458401407,984.6878814697266,139.3116455078125
46424,-0.13936019897460938,1.908680877685547,9.965077514648438,0.07808941755836236,984.6878814697266,139.3116455078125
46490,0.15058685302734376,1.893262939453125,9.680668945312501,0.08754084620186794,984.6878814697266,139.3116455078125
46558,0.03382965087890625,1.72680908203125,9.739496612548828,0.050754733845172775,984.6878814697266,139.3116455078125
46624,0.087418212890625,1.6860937500000002,9.754615173339845,0.020507001413989378,984.6878814697266,139.3116455078125
46690,0.0028440856933593752,1.6700770568847658,9.404193878173828,0.0889141903180364,984.6878814697266,139.3116455078125
46759,0.17618362426757814,1.5530204772949219,10.170450439453125,0.1751917005155618,984.6878814697266,139.3116455078125
