23412.0,0.4486170959472656,5.925577697753907,-0.34443374633789064
23479.0,0.7792794799804688,3.9630088806152344,-0.5535488891601563
23550.0,-0.09145980834960937,5.634882202148438,-2.8136988830566407
23612.0,-3.0189221191406252,13.652210083007812,-8.00220932006836
23679.0,-4.506079559326172,5.721551971435547,-8.79017074584961
23750.0,2.9102481079101565,20.292252044677735,-2.738704833984375
23812.0,10.200537872314454,1.2401710510253907,-4.832550659179688
23879.0,-2.1248313903808596,11.422895965576172,-1.9077827453613283
23950.0,-1.2070898437500002,8.704997863769531,0.3040177917480469
24012.0,-1.244062957763672,8.55066879272461,-0.5313949584960938
24079.0,-1.3665083312988282,7.746540985107422,-1.0229727172851564
24150.0,-1.3738430786132814,10.000853118896485,-0.7625143432617187
24212.0,-3.4840049743652344,10.429711303710938,0.5545967102050782
24279.0,-3.543281707763672,11.460168457031251,1.0223739624023438
24352.0,2.997366943359375,14.904505920410157,1.1987072753906252
24412.0,1.5521223449707031,15.49951858520508,-0.43888732910156253
24479.0,-0.5391787719726563,12.298275604248047,-0.2435435485839844
24557.0,-0.5460644531250001,4.927153930664063,-0.7423063659667969
24612.0,0.901575164794922,3.250640258789063,-1.806892547607422
24679.0,-0.21225860595703125,2.0398081970214843,-1.7738113403320312
24753.0,-2.0913011169433595,17.683177642822265,-8.355325012207032
24812.0,-2.106269989013672,2.9258157348632814,-6.030060424804688
24879.0,0.9978250122070313,19.329154815673828,-4.93613525390625
24953.0,-2.578238525390625,5.276677093505859,3.7474571228027345
25012.0,-2.0115170288085937,11.47648452758789,-0.7554789733886719
25079.0,0.11840377807617188,9.730215911865235,1.031205596923828
25153.0,-1.550775146484375,8.141419830322267,-0.3776646423339844
25212.0,-0.025596771240234375,7.785010986328126,0.03787124633789063
25279.0,-0.143701171875,10.912307739257812,-0.6150709533691406
25349.0,-3.4456846618652346,10.572664031982422,0.104183349609375
25413.0,-2.984344024658203,12.970078582763673,0.7807763671875
25479.0,-2.9801527404785157,12.94073959350586,-0.7370672607421875
25554.0,2.549049224853516,14.686110076904297,1.6816030883789064
25612.0,-1.1204200744628907,12.529095611572266,-1.8354830932617188
25679.0,-0.7068301391601562,7.8869490051269535,0.10837463378906251
25752.0,-0.36703674316406254,4.256548461914063,-1.728006591796875
25812.0,0.6483018493652344,2.1510269165039064,-0.7958949279785157
25879.0,-3.4911900329589844,10.47821044921875,-6.282285919189453
25952.0,-3.416345672607422,8.713380432128906,-8.639883270263672
26012.0,1.047821044921875,12.04500228881836,2.33514404296875
26079.0,-1.222507781982422,9.975406036376954,1.5193405151367188
26154.0,-8.81606689453125,17.3926318359375,5.67380126953125
26215.0,0.43529479980468755,7.831564178466797,0.029937744140625
26279.0,-0.27842102050781253,8.98416732788086,0.5792953491210938
26351.0,-2.1417462158203127,8.150999908447266,-0.2585124206542969
26412.0,-0.3549119567871094,8.866212615966797,0.3595523071289063
26479.0,-2.2384451293945316,10.188712463378907,0.5447172546386719
26549.0,-0.7182064819335938,11.758198699951173,-0.8690927124023438
26614.0,-3.796854400634766,10.515932006835937,1.547032928466797
26679.0,2.265838165283203,12.191397857666017,0.7372169494628906
26754.0,0.0143701171875,14.770684204101563,-2.0242405700683594
26812.0,0.8307723999023438,9.87511459350586,0.34712814331054687
26879.0,-0.6134243774414063,5.153483276367187,-2.199675750732422
26954.0,0.4878355407714844,2.276316375732422,-0.4099974060058594
27012.0,-1.2076885986328125,5.920787658691406,-4.769232330322266
27079.0,-0.6873706054687501,15.430362396240236,-9.429042205810548
27152.0,0.07708969116210938,6.881938934326172,0.2817141723632813
27213.0,-2.3465203857421875,18.60975082397461,-0.30416748046875003
27279.0,-6.857689361572266,5.073399810791016,2.6508375549316407
27350.0,-0.03682342529296875,9.251511383056641,-0.9871971130371094
27412.0,-0.0676593017578125,8.78538070678711,0.22513183593750002
27479.0,-0.7664062500000001,8.86052444458008,-0.6092330932617188
27549.0,-1.0255174255371093,7.2473291015625,-0.7155120849609375
27612.0,-2.6165588378906253,10.597063293457031,-0.8138575744628906
27679.0,-1.560205535888672,11.16273696899414,0.7982899475097657
27750.0,-3.1166688537597658,12.219539337158205,0.8792715454101563
27813.0,-0.21420455932617188,12.638667755126955,-0.3430865478515625
27879.0,0.8210426330566407,13.833632812500001,1.030906219482422
27953.0,-0.07708969116210938,13.294304351806641,-0.30641281127929687
28014.0,-0.3158432006835938,7.737709350585938,0.06376739501953126
28079.0,-0.07574249267578126,4.096680908203125,-1.1602372741699218
28149.0,-0.317340087890625,2.6262886047363283,-2.0950433349609376
28214.0,-3.4634976196289062,14.311588897705079,-6.713090057373047
28279.0,-1.5479310607910157,8.274942169189453,-6.691385192871094
28351.0,1.4075230407714845,15.057038726806642,-3.964655456542969
28414.0,4.345164184570312,4.340972900390625,-0.1526824951171875
28479.0,-4.225862274169922,12.771591339111328,-0.683778076171875
28553.0,0.8436456298828126,8.737779693603516,0.0748443603515625
28612.0,-1.2751982116699219,8.13633041381836,0.3791615295410156
28679.0,-1.2629237365722656,8.995843048095704,-0.4519102478027344
28752.0,-0.49906219482421876,9.585466918945313,0.6243516540527344
28814.0,-2.333796844482422,10.43554916381836,0.3944297790527344
28879.0,-0.6216572570800781,11.961775360107422,-0.9565109252929688
28953.0,-2.8624974060058594,10.923833770751953,-0.9147477722167969
29012.0,2.446213073730469,12.586875457763673,1.0187814331054688
29079.0,-0.8583151245117188,15.344740447998047,-2.724035339355469
29150.0,0.4680766296386719,9.371561737060548,0.8918453979492188
29215.0,-1.0024653625488282,4.478087768554688,-1.8657202148437502
29279.0,1.8106347656250001,2.3450234985351566,0.08726852416992188
29351.0,-2.063009948730469,6.836583251953125,-6.901847534179688
29412.0,-1.8354830932617188,15.350877685546875,-10.83641555786133
29479.0,-1.2425660705566406,3.3260833740234377,1.060843963623047
29552.0,-1.7215699768066408,19.76759307861328,1.6892372131347657
29612.0,-6.401737518310547,7.324867858886719,4.383783874511719
29679.0,-0.08352630615234376,8.926537170410157,-1.175804901123047
29751.0,-0.6985972595214844,8.381819915771485,0.023201751708984378
29812.0,-1.4593153381347657,8.200995941162109,-0.7804769897460938
29879.0,-1.7200730895996095,8.141419830322267,-0.5617817687988281
29953.0,-1.1451187133789062,9.334289245605468,0.1782792663574219
30012.0,-1.697919158935547,12.781919860839844,0.09610015869140626
30079.0,-3.3534764099121097,14.252761230468751,-0.11705657958984375
30153.0,0.29174331665039066,12.886402587890625,1.8877244567871094
30213.0,-0.6828799438476563,15.377821655273438,-0.17169296264648437
30279.0,0.06301895141601563,8.24560317993164,1.6516653442382814
30354.0,0.37616775512695316,3.8660105895996097,-1.4073733520507814
30414.0,0.3695814514160156,1.5355068969726564,-0.6563850402832031
30479.0,-1.5572117614746095,10.028246154785156,-8.164172515869142
30550.0,-1.9263441467285156,10.3512744140625,-7.5083862304687505
30617.0,3.3289274597167973,14.471755828857422,-0.7035369873046875
30679.0,5.827830963134766,6.174659729003906,-1.0533595275878906
30752.0,-0.2662962341308594,13.667478332519533,-1.3054353332519533
30812.0,-0.7348219299316406,8.16791473388672,-0.40625518798828125
30879.0,-1.0527607727050783,8.225095825195313,-0.0293389892578125
30954.0,-1.8977536010742189,8.065827026367188,-0.6078858947753907
31012.0,-1.07296875,9.786349182128907,-0.7285350036621094
31079.0,-2.6590704345703124,10.307864685058595,0.7888595581054688
31155.0,-2.0685484313964846,12.854369201660157,0.3499722290039063
31212.0,-2.136207733154297,11.825858001708985,-1.0735675048828126
31279.0,0.9996212768554688,12.76350814819336,2.342478790283203
31356.0,0.41029678344726567,14.093492431640625,-1.7727635192871094
31412.0,-0.36209701538085937,7.6914555358886725,0.9744735717773438
31479.0,-0.5047503662109375,3.852388916015625,-1.7310003662109377
31554.0,0.65863037109375,2.9285101318359374,-0.7670050048828125
31614.0,-1.3437556457519533,11.802207183837892,-6.7422793579101565
31679.0,-1.7634828186035156,11.720477142333985,-8.668324127197266
31749.0,-0.6933581542968751,8.179590454101563,-0.8023315429687501
31813.0,-1.3916560363769532,17.191450195312502,4.221820678710937
31879.0,-5.851631469726563,10.379565582275392,3.237617340087891
31950.0,-0.7707472229003907,8.934171295166015,-1.0924282836914063
32012.0,-1.334175567626953,8.79061981201172,-0.14444961547851562
32079.0,-0.4186793518066406,8.039631500244141,-0.32227981567382813
32152.0,-1.3009446716308595,8.35712127685547,-0.6532415771484376
32212.0,-2.1070184326171875,9.886790313720704,-0.25147705078125
32279.0,-0.8300239562988282,12.213701477050781,-0.5866300964355469
32350.0,-3.02011962890625,10.880124664306642,1.761387176513672
32412.0,-0.030237121582031252,12.488380279541015,0.1850152587890625
32479.0,0.5641767883300781,13.948743438720705,-0.6641688537597656
32555.0,0.41583526611328125,10.773546295166016,0.15133529663085937
32612.0,-0.8211923217773438,5.3667897033691405,-0.6954537963867188
32679.0,1.2540921020507814,3.7914656066894534,-1.0074050903320313
32750.0,-0.21989273071289064,3.836521911621094,-2.749332733154297
32812.0,-2.6334736633300784,16.081658020019532,-9.535321197509766
32879.0,-2.5197102355957033,8.57940902709961,-6.142476654052735
32953.0,0.4140390014648438,6.376889190673828,3.2693513488769534
33017.0,-6.472091217041016,12.709021453857423,3.7124299621582035
33079.0,-1.5634986877441408,8.241411895751954,0.14534774780273438
33153.0,-1.7383351135253906,9.751322021484375,-0.4240681457519532
33213.0,-1.287173309326172,8.087232513427734,-0.6128256225585937
33279.0,-1.470392303466797,8.025560760498047,-1.2066407775878907
33352.0,-1.2954061889648438,10.231822814941406,-0.01107696533203125
33412.0,-1.974693603515625,10.234966278076172,0.7539820861816406
33479.0,-2.7226881408691406,12.758568420410157,0.6104306030273438
33556.0,0.7976911926269532,14.02328842163086,0.9282197570800782
33612.0,1.9193087768554689,13.137729949951172,2.865341491699219
33679.0,-1.384021911621094,14.101276245117187,-1.670226745605469
33754.0,-0.7021897888183594,6.379134521484375,0.23995101928710938
33812.0,0.23231689453125,4.313280487060547,-2.0348684692382815
33879.0,0.49472122192382817,3.2130683898925785,-0.6894662475585938
33953.0,-2.795137481689453,12.257260894775392,-8.334069213867188
34012.0,-3.570375366210938,11.726614379882813,-7.085964660644532
34079.0,-0.5444178771972656,5.541027374267578,-2.356399841308594
34151.0,-0.7146139526367188,17.497413940429688,4.503834228515625
34213.0,-7.257507934570313,11.22590560913086,3.5045123291015625
34279.0,0.26914031982421877,8.8088818359375,-0.38664596557617187
34353.0,-0.9321116638183594,9.00617156982422,0.2267784118652344
34413.0,-0.7737409973144531,8.398435363769531,-0.3537144470214844
34479.0,-1.2804373168945313,7.676935729980469,-1.0900332641601562
34549.0,-1.6428337097167969,10.208621063232423,-0.9550140380859375
34614.0,-1.853445739746094,11.780652008056641,-0.32138168334960937
34679.0,-4.922363891601563,11.75565399169922,0.22168899536132813
34752.0,2.136507110595703,11.710897064208986,0.8318202209472657
34814.0,1.8374290466308594,14.147230682373047,-0.3733236694335938
34879.0,-0.7517367553710937,12.602143707275392,-0.9027726745605469
34953.0,0.030985565185546876,5.614973602294922,-1.1105406188964844
35012.0,0.2041754150390625,4.296515350341797,-1.2645703125
35079.0,-0.4939727783203125,3.7914656066894534,-2.108665008544922
35157.0,-1.7109420776367188,15.458503875732422,-7.544461212158203
35212.0,-3.454366607666016,9.033863983154298,-7.667505340576172
35279.0,1.3308824157714845,5.744304656982422,-0.49337402343750003
35353.0,-3.1237042236328127,11.371403045654297,3.799548797607422
35412.0,-6.251749420166016,8.422535247802735,4.6702880859375
35479.0,-0.20567230224609376,9.217232666015626,-0.9407936096191407
35553.0,-1.6241226196289062,9.389823760986328,0.0305364990234375
35612.0,-1.4302757263183594,8.839118957519531,-0.5180726623535157
35679.0,-1.5796650695800782,8.024812316894531,-1.2232562255859376
35755.0,-3.193908233642578,9.531279602050782,-0.365240478515625
35812.0,-1.7524058532714846,10.62520477294922,0.678988037109375
35879.0,-2.022593994140625,12.54122039794922,1.3332774353027343
35953.0,0.4004173278808594,14.026282196044923,-1.0545570373535156
36014.0,0.7828720092773438,12.027937774658204,2.406695251464844
36079.0,-0.2231858825683594,14.246923370361328,-1.5643968200683596
36150.0,-1.2364288330078126,6.919361114501953,0.06466552734375
36216.0,0.5854325866699219,4.5548780822753905,-2.0291802978515627
36279.0,0.10508148193359376,2.125430145263672,-1.469194793701172
36353.0,-3.3114138793945314,12.518018646240234,-8.004304962158203
36414.0,-0.2893482971191406,11.459869079589843,-9.962083740234375
36479.0,4.5170068359375,15.396682434082033,0.5899232482910156
36554.0,5.1889595031738285,1.483564910888672,-0.5767506408691406
36614.0,-4.730762329101562,16.02118377685547,1.8384768676757814
36679.0,0.884959716796875,7.567064208984376,0.36134857177734375
36752.0,-3.1918125915527344,8.841513977050782,0.3396437072753906
36812.0,-1.9887643432617188,8.56114700317383,-0.4644841003417969
36879.0,-0.7370672607421875,8.798403625488282,-0.8904981994628907
36953.0,-3.071163482666016,9.030870208740234,0.7481442260742188
37014.0,-1.1213182067871095,11.871063995361329,-0.037122802734375
37079.0,-1.5872991943359376,12.756023712158203,-0.6860234069824219
37151.0,2.8695327758789064,14.451098785400392,1.5892451477050782
37219.0,0.22962249755859376,14.392720184326173,-2.1682411193847657
37279.0,-0.7213499450683594,8.019872589111328,-0.09131011962890626
37351.0,0.2827619934082031,5.155728607177735,-2.7396029663085937
37415.0,-0.31674133300781254,2.25850341796875,-2.152074737548828
37479.0,-0.6253994750976563,9.143286437988282,-5.722001037597656
37554.0,-1.028660888671875,12.895832977294923,-8.520281982421876
37613.0,0.16435821533203127,4.7698310852050785,-6.556365966796875
37679.0,0.2124082946777344,14.651382293701172,-4.056863708496094
37754.0,2.0971389770507813,7.463629302978516,1.6446299743652344
37812.0,-3.1031968688964846,10.247390441894531,0.4939727783203125
37879.0,-0.6822811889648438,9.91867401123047,0.0796343994140625
37954.0,-1.9766395568847657,8.466543731689454,-0.5836363220214844
38014.0,-2.1239332580566406,8.255782012939454,-1.5883470153808594
38079.0,-1.999691619873047,10.354268188476563,-0.4513114929199219
38153.0,-2.027084655761719,10.59796142578125,0.6710545349121094
38214.0,-2.6851162719726562,13.236674194335938,0.4870870971679688
38279.0,-1.9269429016113282,13.292508087158204,-1.1729608154296876
38353.0,0.6062393188476562,12.811707916259767,1.2463082885742187
38414.0,-1.0725196838378908,13.770164794921875,-1.3013937377929687
38479.0,-0.6236032104492187,8.792266387939453,1.3609698486328126
38553.0,0.4153861999511719,4.483177185058594,-1.1228150939941406
38614.0,0.4567002868652344,2.2064117431640624,-0.5060975646972656
38679.0,-2.8005262756347657,9.954599304199219,-8.540489959716798
38753.0,-2.8262727355957034,10.469827880859375,-7.140750732421876
38813.0,-0.6357279968261719,11.526480560302735,1.5789166259765626
38879.0,3.802841949462891,6.060896301269532,4.135599975585937
38951.0,-9.177116088867187,16.190481719970705,5.563181304931641
39012.0,0.9821076965332032,8.783135375976563,-0.8247848510742188
39079.0,-0.8458909606933595,8.661887512207032,0.0061372375488281256
39150.0,-1.287322998046875,8.57551712036133,-0.8087681579589844
39212.0,-0.4794529724121094,7.58787094116211,-0.8294252014160156
39279.0,-2.0890557861328127,10.413395233154297,-0.3215313720703125
39357.0,-3.4512231445312502,12.233011322021484,-0.8990304565429688
39412.0,-2.794838104248047,11.663146362304689,1.9425105285644533
39479.0,2.7129583740234375,12.366683349609376,1.863025817871094
39554.0,1.0042616271972657,15.363451538085938,-2.2146446228027346
39615.0,-1.391356658935547,10.534643096923828,0.09849517822265626
39679.0,0.0461041259765625,6.387966156005859,-0.40086639404296875
39753.0,1.3006452941894533,3.349285125732422,-0.02724334716796875
39813.0,-0.4819976806640625,4.132905578613282,-2.958597564697266
39879.0,-1.5441888427734376,16.75840072631836,-8.021219787597657
39952.0,-3.2952474975585937,4.623136138916016,-6.494245147705079
40012.0,-0.6240522766113281,16.555871887207033,-4.365222473144532
40079.0,0.6891668701171876,4.843178558349609,0.5153782653808594
40153.0,-1.3015434265136718,9.179062042236328,-2.591560821533203
40212.0,0.6352789306640625,9.620793457031251,-0.5131329345703125
40279.0,-0.8048762512207032,7.996221771240235,-0.7665559387207032
40354.0,-1.782942352294922,8.06777297973633,-0.9604028320312501
40412.0,-2.2815554809570315,11.199111328125001,-0.9595046997070313
40479.0,-2.1049227905273438,10.837762756347656,0.7530839538574219
40553.0,-2.8135491943359376,11.576925659179688,0.730331268310547
40614.0,0.7587721252441406,12.092154235839844,1.186582489013672
40679.0,1.5368540954589844,15.245347137451173,2.096390533447266
40753.0,-0.6649172973632813,12.163106689453125,-0.7936495971679688
40813.0,-1.0086026000976562,6.806346130371094,-0.6421646118164063
40879.0,1.1002120971679688,3.716022491455078,-1.1558963012695314
40950.0,-0.17468673706054688,3.047662353515625,-1.055006103515625
41014.0,-2.092947692871094,15.226935424804688,-7.915689239501954
41079.0,-2.0686981201171877,8.686586151123047,-7.110513610839844
41158.0,0.5236111450195313,10.307864685058595,-1.1228150939941406
41214.0,-3.7259019470214847,21.398152313232423,-0.015867004394531252
41279.0,-1.7251625061035156,5.796246643066406,3.230731658935547
41350.0,-0.6878196716308594,8.929980010986329,-1.0876382446289063
41414.0,-0.8487350463867188,9.968370666503906,0.5598358154296875
41479.0,-0.33260833740234375,7.0521350097656255,-1.026265869140625
41552.0,-0.18411712646484377,7.8905415344238286,-0.3525169372558594
41618.0,-0.6204597473144532,10.70813232421875,-0.9523196411132813
41679.0,-2.6376649475097658,11.06693618774414,1.16158447265625
41753.0,-3.6622842407226566,12.749736785888672,1.8952088928222657
41816.0,1.9580781555175781,14.810651092529298,0.61072998046875
41879.0,0.29189300537109375,15.392940216064455,-0.8044271850585938
41952.0,-0.7270381164550782,10.233619079589845,0.34248779296875004
42012.0,-0.1407073974609375,4.719685363769531,-1.089584197998047
42079.0,1.6760646057128907,3.329825592041016,-0.7102729797363282
42151.0,-0.8054750061035156,2.9662316894531253,-3.9137612915039064
42212.0,-3.8646633911132815,17.543667755126954,-9.064101104736329
42279.0,-2.7187962341308594,5.8425004577636726,-7.083120574951172
42351.0,-2.258204040527344,15.13697250366211,-5.354215850830078
42414.0,-1.2867242431640626,8.60530517578125,1.6661851501464844
42479.0,-1.1356883239746094,8.312514038085938,-1.4016851806640627
42553.0,-1.4483880615234375,9.685458984375,0.5153782653808594
42612.0,-1.7042060852050782,8.029752044677736,-0.3010240173339844
42679.0,-2.0646565246582034,8.20294189453125,-0.5475613403320313
42753.0,-1.9712507629394531,10.61233154296875,-0.6988966369628906
42812.0,-1.5905923461914064,10.062225494384766,0.9630972290039063
42879.0,-1.610351257324219,12.493769073486328,0.6503974914550782
42953.0,-0.7619155883789063,13.627062377929688,-0.6414161682128906
43012.0,0.757873992919922,13.428874511718751,1.853445739746094
43079.0,-0.4328997802734375,14.100078735351563,-1.6795074462890627
43150.0,-1.110091552734375,7.4748559570312505,-0.04340972900390625
43214.0,0.2848576354980469,4.246968383789063,-1.6265176391601563
43279.0,0.07394622802734375,1.324146423339844,-0.7605683898925781
43352.0,-3.13987060546875,13.57302474975586,-8.965755615234375
43412.0,-0.8032296752929687,8.28152847290039,-7.210505676269531
43479.0,1.3564791870117188,18.497334594726563,-7.292535095214844
43554.0,-2.555336151123047,10.357860717773438,2.900069274902344
43612.0,-1.234632568359375,8.7035009765625,-0.5321434020996094
43679.0,-0.142503662109375,10.43884231567383,0.4290078735351563
43753.0,-2.339634704589844,7.37905517578125,-0.8096662902832031
43812.0,-1.3712983703613282,8.73179214477539,-0.9165440368652344
43879.0,-0.051043853759765626,8.971443786621094,0.0
43951.0,-2.415377197265625,10.774444427490234,0.643062744140625
44014.0,-1.4780264282226563,11.988270263671875,-1.2900173950195313
44079.0,-3.3644036865234375,11.89696014404297,0.9253756713867188
44157.0,1.3184582519531252,13.20748489379883,1.8540444946289063
44212.0,-0.014070739746093752,15.953524475097657,-2.137405242919922
44279.0,0.5195695495605469,8.477171630859376,0.5608836364746094
44355.0,-0.6536906433105469,3.9020855712890627,-1.85853515625
44417.0,0.7096742248535156,1.845212860107422,-0.8155041503906251
44479.0,-1.5730787658691407,9.308842163085938,-7.505392456054688
44553.0,-0.5981561279296875,12.921280059814453,-7.940387878417969
44614.0,0.24818389892578127,8.232729949951173,-2.1905447387695314
44679.0,-2.137405242919922,15.755486297607423,1.1205697631835938
44752.0,-8.470136260986328,16.00247268676758,2.994672546386719
44814.0,-0.03547622680664063,7.001689910888672,-0.6836283874511719
44879.0,-0.437091064453125,9.420809326171875,0.044307861328125
44949.0,-0.9165440368652344,8.07361083984375,-0.9596543884277344
45012.0,-1.7101936340332031,8.268655242919923,-1.4124627685546876
45079.0,-2.34472412109375,10.473420410156251,-0.33021331787109376
45152.0,-1.1514056396484376,12.904514923095704,-0.6126759338378907
45215.0,-4.039200439453126,11.049871673583985,2.005828857421875
45279.0,2.4709117126464846,13.353431396484376,2.248773651123047
45351.0,1.3293855285644531,14.473402404785157,-0.1149609375
45413.0,-1.4762301635742188,11.814032592773438,-0.5941145324707031
45479.0,-0.12199630737304688,6.101461944580079,-0.8723858642578125
45553.0,1.665586395263672,3.3415013122558594,-0.1886077880859375
45612.0,0.3362008666992188,3.1487022399902345,-2.089205474853516
45679.0,-3.9422021484375,17.540823669433596,-9.194479980468751
45751.0,-5.427713012695313,7.661368103027344,-7.215595092773438
45813.0,-2.061812438964844,11.978690185546876,0.21390518188476565
45879.0,-2.039059753417969,10.750643920898439,3.8898110961914063
45953.0,-0.5072950744628907,6.9482510375976565,-1.131347351074219
46012.0,-0.9107061767578125,10.141710205078125,0.8331674194335938
46079.0,-1.3584251403808594,8.011040954589845,-0.5134323120117188
46154.0,-1.829794921875,8.176896057128907,-1.2340338134765625
46214.0,-1.0798544311523437,10.947783966064454,-0.3799099731445313
46279.0,-3.4754727172851565,9.880204010009766,1.2135264587402343
46353.0,-3.1198123168945315,12.636123046875001,1.238075408935547
46414.0,0.5815406799316406,14.000835113525392,0.3448828125
46479.0,2.6101222229003906,13.289065246582032,2.0493882751464847
46552.0,-1.520687713623047,13.302237854003907,-1.7413288879394533
46614.0,-1.0151889038085937,7.631729736328126,0.4278103637695313
46679.0,0.6867718505859375,3.9989341735839847,-1.2912149047851562
46757.0,0.2755769348144531,2.11959228515625,-1.586700439453125
46816.0,-2.1320164489746096,14.50319046020508,-7.891888732910156
46879.0,-1.7845889282226564,8.681197357177735,-10.07869125366211
46951.0,1.695374450683594,17.318535919189454,-0.1287322998046875
47012.0,9.74862762451172,3.2346235656738282,-4.0320153808593755
47079.0,-3.759581909179688,14.28344741821289,-1.1894265747070314
47155.0,0.44442581176757817,8.315807189941406,0.365240478515625
47213.0,-1.319506072998047,8.594826965332032,-0.006586303710937501
47279.0,-1.9351757812500001,8.069120178222656,-1.1259585571289064
47351.0,-1.5621514892578126,9.944869537353517,-0.3391946411132813
47413.0,-2.353106689453125,10.32058822631836,1.0678793334960939
47479.0,-0.647852783203125,12.52161117553711,-0.5270539855957032
47553.0,-0.9431886291503907,13.346096649169922,-1.2663665771484376
47612.0,3.4347573852539064,12.154574432373048,2.271526336669922
47679.0,-0.8223898315429687,15.556400299072266,-2.3076013183593753
47750.0,-0.10732681274414063,8.70918914794922,1.3525872802734376
47813.0,-0.015717315673828124,4.447850646972657,-1.7545014953613283
47879.0,1.282532958984375,2.1073178100585936,-0.20971389770507814
47949.0,-1.505419464111328,9.65043182373047,-8.332871704101564
48012.0,0.11256591796875001,14.686409454345704,-10.007589111328125
48079.0,1.5661930847167969,11.62153289794922,3.1400202941894535
48153.0,6.054609375,4.911436614990235,-0.8581654357910157
48212.0,-4.774770812988281,14.39691146850586,2.5848248291015627
48279.0,-0.1646575927734375,7.914641418457031,-0.46957351684570314
48351.0,-1.9453546142578126,8.537196807861328,-0.5309458923339844
48412.0,-1.0750643920898437,8.439001007080078,-1.1204200744628907
48479.0,-0.7128176879882813,7.466922454833985,-0.8545729064941406
48556.0,-2.377955017089844,10.393636322021484,0.6768923950195312
48614.0,-0.6649172973632813,12.092752990722657,-0.7036866760253907
48679.0,-3.4917887878417972,10.21281234741211,-0.2977308654785156
48754.0,3.7675154113769533,12.832664337158203,2.5102798461914064
48814.0,-1.179547119140625,14.911541290283203,-2.5801844787597656
48879.0,0.743653564453125,10.416688385009767,1.5417938232421875
48957.0,-0.5408253479003906,4.376598815917969,-1.5878979492187502
49014.0,1.6155903625488282,1.9558328247070313,0.20627105712890625
49079.0,-0.6174659729003906,5.787115631103516,-4.350552978515625
49152.0,-0.7572752380371094,16.364420013427736,-10.704839172363283
49213.0,0.8729846191406251,3.1713052368164063,1.4555731201171875
49279.0,-1.5055691528320314,18.249150695800783,-1.482217712402344
49353.0,-6.614145812988282,13.169613647460938,4.376000061035157
49413.0,-0.7340734863281251,7.857610015869141,-0.7418572998046875
49479.0,-0.6997947692871094,9.18684585571289,0.5810916137695313
49558.0,-1.5238311767578125,7.790250091552735,-0.5331912231445313
49614.0,-0.8722361755371094,8.088729400634765,-0.7911048889160157
49679.0,-1.8902691650390626,10.031389617919922,-0.36703674316406254
49751.0,-1.0253677368164062,12.438983001708985,-0.8399034118652344
49814.0,-3.8208045959472656,11.836336212158203,1.004561004638672
49879.0,1.5661930847167969,12.32087860107422,1.8030006408691408
49952.0,0.12678634643554687,14.472504272460938,-0.6496490478515625
50012.0,-0.06556365966796876,11.923604736328125,0.3852987670898438
50079.0,-0.5471122741699219,6.5149021911621094,0.2998265075683594
50152.0,1.6983682250976564,3.216660919189453,-0.24953109741210938
50212.0,0.18965560913085938,2.9431796264648438,-2.0553758239746096
50279.0,-4.3629771423339845,16.720828857421875,-7.340585174560547
50352.0,-4.6587620544433594,2.0901036071777344,-6.887477416992188
50414.0,1.870360565185547,21.26103744506836,-3.907324676513672
50479.0,9.848619689941406,0.004041595458984375,-5.795049133300782
50552.0,-0.3243754577636719,12.111913146972658,-2.7358607482910156
50613.0,-0.580792236328125,8.648714904785157,0.32063323974609376
50679.0,-1.184486846923828,8.531358947753906,0.08232879638671875
50754.0,-1.2918136596679688,7.781568145751954,-0.7445516967773438
50812.0,-1.3329780578613282,10.637030181884766,-0.38559814453125
50879.0,-2.2564077758789063,10.138417053222657,0.9509724426269531
50953.0,-1.3334271240234377,12.77263916015625,0.3998185729980469
51012.0,-3.6432737731933598,12.971126403808594,-1.2982502746582032
51079.0,2.3204745483398437,12.747491455078126,2.2647903442382815
51151.0,-0.8596623229980469,13.811778259277345,-1.6762142944335938
51214.0,-0.4221221923828125,9.161099395751954,1.2551399230957032
51279.0,-0.04026626586914063,4.6958848571777345,-1.7582437133789064
51352.0,0.7535330200195313,1.858385467529297,-0.5394781494140626
51414.0,-1.0244696044921875,10.659782867431641,-6.328689422607423
51479.0,-1.3253439331054688,13.069322204589845,-8.857081604003907
51553.0,0.4674778747558594,8.670120391845703,-0.5813909912109375
51612.0,-1.1802955627441407,18.602865142822267,-3.775598602294922
51679.0,0.4685256958007813,4.29471908569336,1.4579681396484376
51753.0,0.39712417602539063,7.642357635498048,-1.3654605102539064
51814.0,-1.1097921752929687,9.69069808959961,0.9502239990234376
51879.0,-1.2960049438476564,8.628057861328125,-0.5827381896972657
51951.0,-1.8651214599609376,8.390651550292969,-0.8129594421386719
52012.0,-1.3166619873046876,9.956844635009766,0.33799713134765624
52079.0,-2.0456460571289066,11.013048248291016,1.3512400817871095
52152.0,-2.691702575683594,12.209360504150391,0.9942324829101563
52212.0,-1.0460247802734375,13.482612762451172,-0.13322296142578124
52279.0,1.7580940246582033,14.076727294921875,1.5678396606445313
52353.0,-0.5617817687988281,12.881911926269533,-0.985550537109375
52412.0,-0.5542973327636719,7.609875183105469,0.7415579223632813
52479.0,0.8768765258789063,4.328848114013672,-1.3443544006347656
52552.0,0.2674937438964844,2.6479934692382816,-1.442849578857422
52612.0,-4.129163360595704,14.42804672241211,-6.8928662109375
52679.0,-2.602338409423828,9.46796127319336,-7.178621978759766
52759.0,1.581760711669922,16.80435516357422,-4.122726745605469
52813.0,7.221582641601563,5.216502227783203,-2.6801765441894534
52879.0,-4.16493896484375,13.49638412475586,2.405348052978516
52953.0,-0.10553054809570313,9.684560852050781,0.4421804809570313
53012.0,-1.3427078247070314,8.561745758056642,0.8277786254882813
53079.0,-1.0361453247070314,8.721313934326172,-0.4495152282714844
53149.0,-0.5270539855957032,7.522307281494141,-1.021475830078125
53214.0,-2.8683352661132813,10.392588500976563,0.2915936279296875
53279.0,-0.4555027770996094,11.798614654541016,-0.2890489196777344
53353.0,-4.031716003417969,11.862831115722656,0.7217990112304687
53412.0,-1.6546591186523438,12.348271636962892,-0.49247589111328127
53479.0,1.6148419189453125,13.360167388916016,2.574346618652344
53552.0,0.7683522033691407,13.656551055908205,-1.70525390625
53612.0,-1.0731184387207031,7.971074066162109,0.015717315673828124
53679.0,0.43260040283203127,4.2502615356445315,-2.1680914306640626
53751.0,0.17154327392578125,2.1612057495117187,-1.51365234375
53812.0,-0.9074130249023438,10.278376007080078,-7.347620544433594
53879.0,-0.02424957275390625,9.98289047241211,-9.822573852539064
53954.0,1.6158897399902346,12.906610565185547,-2.1788690185546877
54014.0,1.931433563232422,7.881859588623048,4.139042816162109
54079.0,-5.910608825683594,13.848002929687501,3.034190368652344
54154.0,-0.0061372375488281256,8.04816375732422,-0.13561798095703126
54214.0,-0.7131170654296876,9.12697036743164,-0.3908372497558594
54279.0,-1.1085946655273438,8.676706695556641,-1.0988648986816407
54351.0,-1.5563136291503907,7.945028228759766,-1.0858419799804688
54412.0,-1.9869680786132813,10.958711242675783,-0.39667510986328125
54479.0,-1.5929873657226563,10.698402557373047,0.9111552429199219
54552.0,-3.9841149902343753,12.55993148803711,0.45535308837890626
54614.0,-0.8656498718261719,12.385244750976563,-0.2597099304199219
54679.0,1.9987934875488282,12.48179397583008,2.1028271484375
54750.0,-0.11391311645507814,13.641731872558594,-1.591490478515625
54812.0,-0.8301736450195313,9.770033111572266,1.0006690979003907
54879.0,0.18426681518554688,4.724475402832032,-1.7642312622070313
54953.0,0.47975234985351567,2.331701202392578,-0.7623646545410157
55012.0,-1.9429595947265625,10.324629821777345,-5.9586589050292975
55079.0,-0.07394622802734375,11.769724731445313,-9.126820678710938
55150.0,1.009500732421875,5.519771575927734,-1.3921051025390625
55213.0,-1.5883470153808594,18.669776000976565,-4.5092230224609375
55279.0,-4.136198730468751,4.577181701660156,1.8420693969726563
55354.0,-0.3742218017578125,8.372688903808594,-1.1773017883300783
55412.0,0.24698638916015625,10.233918457031251,-0.02963836669921875
55479.0,-1.6414865112304688,8.408314819335938,-0.2748284912109375
55554.0,-1.372196502685547,8.737779693603516,-0.5269042968750001
55613.0,-0.6460565185546875,8.975485382080079,-0.3841012573242188
55679.0,-2.6491909790039063,9.916877746582031,0.13442047119140627
55751.0,0.26539810180664064,12.113110656738282,-0.28919860839843753
55812.0,-3.3209939575195313,11.075318756103517,1.1073971557617188
55879.0,0.396375732421875,12.707524566650392,0.6776408386230469
55949.0,0.49052993774414066,12.83386184692383,0.9660910034179688
56012.0,0.6140231323242188,14.010265502929688,-0.4613406372070313
56079.0,-1.2567864990234376,8.028853912353515,-0.27033782958984376
56152.0,0.7640112304687501,4.329746246337891,-0.8788224792480469
56213.0,0.5354365539550782,2.353106689453125,-1.3296849060058595
56279.0,-2.2351519775390627,14.28674057006836,-5.953569488525391
56352.0,-1.1081455993652345,6.44305160522461,-8.216713256835938
56412.0,1.6525634765625001,11.82136734008789,0.3879931640625
56479.0,2.0811222839355468,5.480104064941407,3.619622955322266
56551.0,-8.009544067382812,15.353572082519532,3.1018496704101564
56613.0,0.9223818969726563,7.709268493652345,-0.77838134765625
56679.0,-0.7147636413574219,9.65477279663086,0.12618759155273437
56755.0,-0.6608757019042969,8.756790161132812,-0.6161187744140625
56812.0,-1.06578369140625,8.052355041503906,-0.8626560974121095
56879.0,-1.098116455078125,10.771899719238283,0.02185455322265625
56953.0,-1.5539186096191406,10.86515579223633,0.8020321655273438
57013.0,-1.742227020263672,12.367880859375001,0.700393524169922
57079.0,-2.528841247558594,10.891351318359376,-0.25222549438476566
57152.0,2.273921356201172,11.787986755371094,1.4233900451660157
57212.0,2.442470855712891,13.101505279541016,-2.538571014404297
57279.0,-0.7864645385742188,9.995164947509766,0.3656895446777344
57356.0,-0.016914825439453125,5.129682769775391,-2.6074278259277346
57414.0,0.5649252319335938,2.954855346679688,-0.8903485107421876
57479.0,-0.2986289978027344,5.99278793334961,-4.251009979248047
57554.0,-1.5661930847167969,13.997841339111329,-9.499246215820312
57614.0,-1.785337371826172,3.2120205688476564,-5.186863861083984
57679.0,0.7354206848144531,18.082247772216796,-5.823489990234375
57751.0,1.4361135864257812,4.481680297851563,0.9030720520019532
57813.0,-2.502645721435547,11.458821258544923,-1.3036390686035157
57879.0,-0.3335064697265625,9.758058013916017,0.26435028076171874
57953.0,-1.586700439453125,8.78208755493164,-0.6601272583007813
58012.0,-1.184187469482422,9.017847290039063,-1.056053924560547
58079.0,-1.0217752075195312,8.180787963867187,0.047900390625000004
58151.0,-3.0555958557128906,10.002948760986328,0.926722869873047
58212.0,-0.3459306335449219,12.526251525878907,-0.8649014282226563
58279.0,-3.8107754516601564,10.134674835205079,0.8024812316894532
58352.0,4.865182800292969,13.16347640991211,0.8774752807617188
58412.0,0.9719288635253907,13.824052734375,-2.815345458984375
58479.0,-0.2613565063476563,10.986703033447267,0.6246510314941407
58551.0,-0.43529479980468755,4.549938354492188,-2.0600161743164063
58612.0,1.4793736267089845,3.0225146484375003,-0.4421804809570313
58679.0,-0.6876699829101562,4.525389404296876,-3.090623016357422
58754.0,-1.3350736999511719,17.51028717041016,-9.84547622680664
58813.0,-2.895279235839844,3.357368316650391,-6.725963287353516
58879.0,0.36643798828125,18.65196304321289,-4.500541076660157
58951.0,-0.06361770629882812,5.251828765869141,1.0770103454589843
59012.0,-1.411864013671875,10.063572692871094,-2.0901036071777344
59079.0,-0.8758287048339845,9.400002593994142,1.2552896118164063
59154.0,-1.6039146423339845,8.973838806152344,-0.6089337158203125
59213.0,-1.0103988647460938,8.505462799072266,-0.8289761352539063
59279.0,-1.3082794189453126,10.155032501220704,0.21764739990234377
59352.0,-1.930236053466797,10.275980987548829,0.7318281555175782
59417.0,-0.8913963317871094,12.544513549804687,0.19639160156250002
59479.0,-0.06870712280273437,10.936257934570314,1.3413606262207032
59554.0,1.4504837036132814,11.99231185913086,1.3513897705078126
59614.0,2.112107849121094,14.803166656494142,-2.5596771240234375
59679.0,-0.9621990966796875,9.636361083984376,0.7571255493164063
59754.0,-0.0425115966796875,4.590803375244141,-2.8268714904785157
59816.0,0.7110214233398438,2.6402096557617187,-1.1970606994628907
59879.0,0.5141807556152344,5.998625793457031,-4.597539367675782
59948.0,-0.130528564453125,14.722334747314454,-10.044113159179688
60012.0,-3.306174774169922,0.950673065185547,-5.63548095703125
60079.0,1.0240205383300782,18.234930267333986,-5.587879943847657
60153.0,2.702330474853516,1.9401155090332032,0.8363108825683594
60212.0,-3.1367271423339846,12.514725494384766,-2.588567047119141
60279.0,0.506546630859375,9.47993637084961,0.3975732421875
60351.0,-1.467099151611328,8.530610504150392,-0.7201524353027344
60412.0,-1.0874885559082033,8.63254852294922,-0.9349557495117188
60479.0,-1.5385006713867189,10.745255126953126,0.21824615478515627
60552.0,-1.8947598266601564,9.492659912109376,0.8893006896972657
60614.0,-1.3959970092773437,12.783865814208985,0.5370831298828125
60679.0,-3.1624736022949222,11.277847595214844,0.6746470642089845
60754.0,2.7607090759277346,11.270662536621094,1.144669647216797
60812.0,1.6527131652832032,13.53754852294922,-2.385589141845703
60879.0,-0.6304888916015625,10.683134307861328,0.5206173706054688
60951.0,-0.11960128784179688,5.562732238769532,-1.9974462890625
61012.0,1.141226806640625,2.697839813232422,-0.5249583435058593
61079.0,-1.0011181640625,4.9576904296875,-3.9329214477539063
61154.0,-0.16675323486328125,15.226935424804688,-9.867181091308595
61212.0,-2.2303619384765625,1.4389576721191406,-4.620890808105469
61279.0,0.5394781494140626,20.729492797851563,-7.3902818298339845
61354.0,-2.674937438964844,0.41149429321289066,2.0477416992187503
61412.0,-2.537523193359375,13.201647033691406,-2.575843505859375
61479.0,0.3983216857910156,8.675060119628906,-0.5828878784179687
61553.0,-0.8619076538085938,8.215216369628907,-0.20866607666015627
61612.0,-0.5707630920410156,9.042545928955079,-0.25267456054687504
61679.0,-0.3305126953125,8.309071197509766,0.142503662109375
61753.0,-0.8577163696289063,10.240355072021485,-0.16615447998046876
61812.0,0.12888198852539062,12.16669921875,-0.7324269104003907
61878.0,-3.8612205505371096,11.485316162109376,1.6467256164550783
61953.0,1.6994160461425782,12.233011322021484,1.577120361328125
62012.0,1.1502081298828126,12.822335815429689,0.37616775512695316
62079.0,-1.1373348999023438,13.120665435791016,-0.5575904846191406
62153.0,-0.9159452819824219,7.779173126220703,-0.8680448913574219
62212.0,1.1771520996093752,5.1272877502441405,-0.6786886596679688
62279.0,0.571212158203125,3.9213954162597657,-0.6264472961425781
62351.0,-2.534828796386719,11.444451141357423,-8.10759017944336
62412.0,-2.697989501953125,10.727442169189453,-7.290140075683594
62479.0,-1.7760566711425783,6.3947021484375,-2.774480438232422
62553.0,2.50758544921875,6.987768859863282,4.250860290527344
62612.0,-8.927734680175782,6.54364242553711,2.8145970153808597
62679.0,0.4812492370605469,7.865543518066406,-1.4108161926269531
62754.0,-0.8403524780273438,9.632618865966798,-0.21031265258789064
62812.0,-1.0638377380371093,8.345146179199219,-0.4870870971679688
62879.0,-0.8532257080078125,8.075856170654298,-0.01945953369140625
62951.0,-0.6384223937988281,10.821446685791017,-0.6979985046386719
63013.0,-1.967358856201172,10.301128692626953,0.6503974914550782
63079.0,-1.5980767822265627,12.36353988647461,0.2986289978027344
63152.0,-2.9789552307128906,11.679911499023438,-0.29713211059570316
63213.0,3.413800964355469,12.049642639160156,1.9489471435546877
63279.0,0.9346563720703126,13.749208374023437,-2.616409149169922
63354.0,-0.7649093627929688,9.761800231933595,1.0705737304687502
63412.0,-0.28949798583984376,5.789660339355469,-1.7227674865722657
63479.0,1.418899383544922,3.6076478576660156,0.05748046875
63554.0,0.06556365966796876,8.739575958251953,-3.6119888305664065
63612.0,-1.0039622497558593,12.932207336425781,-9.679321746826172
63679.0,-4.226311340332032,5.3036210632324226,-7.794591064453125
63751.0,2.0142114257812502,18.573077087402346,-5.77963119506836
63812.0,3.373983764648438,1.5474819946289062,-0.5090913391113282
63879.0,-2.9988638305664064,13.798905029296876,-1.8639239501953127
63954.0,-0.0185614013671875,9.447753295898439,-0.06691085815429688
64013.0,-1.750609588623047,7.785160675048829,-0.35625915527343754
64079.0,-0.571212158203125,9.228758697509766,-0.6960525512695312
64151.0,-1.518292694091797,9.361532592773438,-0.48259643554687504
64212.0,-3.2459999084472657,9.764943695068359,0.7122189331054688
64279.0,0.46418472290039064,11.940519561767578,-0.044008483886718755
64352.0,-3.2022908020019534,10.302625579833984,0.7771838378906251
64412.0,1.6690292358398438,12.25905715942383,0.6057902526855469
64479.0,1.7119898986816406,13.065879364013673,-0.2944377136230469
64553.0,0.4333488464355469,12.134815521240235,-0.9113049316406251
64612.0,-0.987945556640625,7.229516143798828,-1.0780581665039064
64679.0,0.8726852416992188,5.17084716796875,-1.3284873962402344
64754.0,0.3990701293945313,4.671186218261719,-2.3867866516113283
64817.0,-3.244802398681641,14.389726409912111,-6.11448486328125
64878.0,-1.6973204040527345,10.073751525878906,-8.163873138427736
64947.0,-1.1415261840820312,6.482120361328126,-1.7666262817382814
65012.0,-3.1967523193359377,20.940254516601563,-1.5886463928222656
65079.0,-0.2552192687988281,3.306923217773438,0.45265869140625004
65149.0,1.1804452514648438,8.650511169433594,-3.945644989013672
65212.0,0.29069549560546876,9.643995208740234,-1.0407856750488282
65279.0,-1.3982423400878907,7.869435424804688,-1.1373348999023438
65352.0,-0.041912841796875,8.704249420166017,-0.32332763671875003
65414.0,-0.0520916748046875,8.880133666992188,-0.4571493530273438
65479.0,-2.292632446289063,11.099568328857423,0.5325924682617188
65554.0,-1.7250128173828125,11.589200134277345,-0.4028123474121094
65612.0,-2.6291326904296874,10.984158325195313,0.290994873046875
65679.0,0.6635700988769532,11.496692504882812,0.27378067016601565
65753.0,0.8414002990722657,11.931687927246095,0.4355941772460938
65812.0,-0.4141886901855469,11.598181457519532,-1.505120086669922
65879.0,-1.0539582824707032,9.505533142089844,-1.0864407348632814
65953.0,-0.3841012573242188,5.330265655517579,-1.3949491882324219
66014.0,-0.8487350463867188,5.006488952636719,-1.0065069580078125
66079.0,0.5944139099121094,9.455088043212891,-6.037694549560547
66154.0,-4.948858795166016,10.582094421386719,-3.8782850646972657
66212.0,-4.302353210449219,3.3452435302734376,-3.4456846618652346
66279.0,0.7327262878417969,20.523072052001954,-1.367406463623047
66351.0,6.195616149902344,-1.4325210571289064,-5.54491928100586
66412.0,-5.267546081542969,17.335450744628908,1.7287550354003907
66479.0,-0.1323248291015625,8.070018310546875,0.8135581970214845
66552.0,-0.908909912109375,8.333769836425782,-0.6926097106933594
66614.0,-1.030906219482422,8.045619049072267,-0.4972659301757813
66678.0,0.027393035888671875,8.358468475341798,-0.4998106384277344
66749.0,-2.6301805114746095,10.709030456542969,0.40356079101562503
66812.0,-1.0603948974609376,12.26339813232422,-0.30790969848632815
66879.0,-2.0550764465332034,11.909833374023439,0.6255491638183595
66951.0,1.1918215942382813,11.513906707763672,1.4723382568359376
67012.0,0.34757720947265625,14.249468078613281,-2.920576629638672
67079.0,0.884959716796875,10.657088470458985,0.7836204528808595
67150.0,-0.24578887939453126,5.162913665771485,-1.5705340576171876
67212.0,1.122964782714844,2.298769683837891,-0.271834716796875
67279.0,-0.7758366394042969,5.744903411865234,-4.067940673828125
67351.0,0.16450790405273438,15.911312255859375,-9.319320373535156
67412.0,-0.3603007507324219,2.428250427246094,-3.2492930603027346
67479.0,0.024998016357421875,19.054925079345704,-6.364914093017578
67550.0,0.10059082031250001,3.338357849121094,1.538650360107422
67612.0,-2.0977377319335937,11.187285919189454,-2.531835021972656
67679.0,-0.908909912109375,9.567204895019533,-0.3369493103027344
67750.0,-1.8567388916015626,8.690777435302735,-0.5821394348144532
67812.0,-0.7054829406738281,8.19141586303711,-0.6225553894042969
67878.0,-1.0291099548339844,10.489437103271484,0.6815327453613281
67950.0,-1.2031979370117187,10.159822540283203,1.071471862792969
68012.0,-0.1933978271484375,11.886332244873048,-0.23620880126953125
68079.0,-3.3212933349609375,11.61629379272461,1.2316387939453126
68150.0,1.5064672851562502,12.4588916015625,0.85502197265625
68212.0,1.4016851806640627,12.236454162597656,-0.45759841918945315
68279.0,-0.7270381164550782,11.379336547851564,0.18142272949218752
68350.0,-0.9144483947753906,6.184239807128907,-3.2126193237304688
68412.0,1.050066375732422,3.933370513916016,-0.18591339111328126
68479.0,0.12064910888671876,4.402794342041016,-2.5704547119140626
68549.0,-1.4685960388183594,15.703993377685547,-8.325387268066407
68612.0,-4.207300872802735,4.9282017517089844,-6.791377258300781
68679.0,1.8949095153808595,14.858252105712891,-2.99137939453125
68751.0,2.7044261169433597,4.233496398925782,-5.575755157470703
68812.0,-0.6255491638183595,13.145364074707032,1.1874806213378908
68879.0,-0.5300477600097656,9.4794873046875,0.3477268981933594
68949.0,-1.097966766357422,8.41130859375,0.5044509887695313
69011.0,-1.9535874938964846,8.477321319580078,0.013471984863281251
69079.0,0.39428009033203126,9.600286102294922,1.3953982543945314
69149.0,-1.5741265869140626,10.926228790283204,1.2240046691894533
69212.0,-0.9306147766113282,12.14843719482422,-1.150806884765625
69279.0,-3.9972875976562503,11.406130828857423,1.507664794921875
69349.0,3.119363250732422,12.393926696777344,2.1357586669921877
69412.0,2.0175045776367186,13.73917922973633,0.22153930664062502
69479.0,-0.18456619262695315,11.63021484375,-0.09984237670898438
69550.0,-0.580642547607422,6.715634765625,-1.6175363159179688
69612.0,0.8364605712890626,3.7805383300781252,-1.1358380126953125
69679.0,-0.09849517822265626,3.713328094482422,-2.66086669921875
69750.0,-1.2719050598144532,14.237792358398439,-7.9590989685058595
69812.0,-1.7841398620605469,8.002359008789062,-6.836732940673828
69879.0,-0.14160552978515625,10.183922424316407,-0.40894958496093753
69950.0,2.315534820556641,6.979835357666016,3.9698945617675783
70012.0,-7.534881134033204,14.627581787109376,4.158652038574219
70079.0,0.07035369873046875,7.977660369873047,-0.5358856201171875
70149.0,-0.4339476013183594,9.07667495727539,0.077838134765625
70212.0,-0.9481283569335938,8.803193664550781,-0.6242019653320313
70279.0,-0.6150709533691406,7.821984100341798,-0.8231382751464844
70349.0,-1.6757652282714846,10.859766998291017,-0.8589138793945313
70412.0,-2.1752764892578127,10.474617919921876,0.19309844970703127
70479.0,-2.790048065185547,12.16235824584961,0.25162673950195313
70554.0,-0.689615936279297,12.796289978027344,-0.3579057312011719
70612.0,2.2341041564941406,10.28855484008789,1.3596226501464845
70679.0,0.6873706054687501,13.440699920654298,-2.408940582275391
70751.0,-0.9410929870605469,9.566007385253906,0.4225712585449219
70812.0,-0.045205993652343755,6.160888366699219,-1.696871337890625
70878.0,1.1006611633300782,3.636388092041016,-0.5336402893066406
70951.0,-0.6098318481445313,10.878178710937501,-4.138743438720703
71012.0,-3.1561866760253907,11.768527221679689,-7.366481323242188
71079.0,-4.1498204040527344,5.215753784179688,-6.726112976074219
71149.0,1.0734178161621095,13.278137969970704,-0.09744735717773438
71212.0,4.435875549316407,3.896397399902344,2.988834686279297
71279.0,-10.664273529052736,13.983920288085939,4.810995483398438
71354.0,-0.08128097534179687,9.26633056640625,-0.32332763671875003
71414.0,-0.5942642211914063,8.746311950683594,0.13801300048828125
71479.0,-0.8164022827148438,9.187444610595703,-0.34338592529296874
71550.0,-0.9457333374023438,8.761729888916015,-0.9644444274902344
71614.0,-0.6318360900878907,9.30749496459961,0.6143225097656251
71679.0,-1.7287550354003907,10.557994537353515,0.13906082153320312
71752.0,-2.1850062561035157,12.930860137939455,-0.0940045166015625
71813.0,-3.087928619384766,10.466834106445313,1.1970606994628907
71879.0,2.2561083984375,10.914852447509766,1.3335768127441407
71954.0,1.717079315185547,13.427976379394533,-0.7899073791503907
72014.0,-1.9193087768554689,11.885134735107423,-0.5971083068847657
72079.0,-0.4758604431152344,8.011490020751953,-0.8765771484375
72151.0,1.1774514770507813,4.630321197509766,-0.45026367187500005
72212.0,0.4667294311523438,5.791456604003907,-0.8458909606933595
72279.0,-2.259401550292969,12.302466888427736,-9.236093444824219
72353.0,-3.8043388366699222,8.616980895996095,-6.6824038696289065
72414.0,-1.5823594665527345,7.334597625732422,-3.273842010498047
72479.0,1.5579602050781252,18.556910705566406,-4.4247985839843755
72550.0,-7.6685531616210945,8.466992797851564,3.7046461486816407
72613.0,0.11256591796875001,8.611442413330078,-1.0409353637695313
72678.0,-0.43005569458007814,8.928932189941406,0.6641688537597656
72753.0,-0.080233154296875,9.016350402832032,-0.8653504943847656
72814.0,-0.611927490234375,7.867339782714844,-1.1050021362304687
72879.0,-1.502725067138672,10.615924072265626,0.39817199707031253
72949.0,-1.7648300170898439,11.72646469116211,0.3673361206054688
73012.0,-2.279160461425781,12.387340393066406,0.7442523193359375
73079.0,-1.6630416870117188,12.962145080566406,-1.1409274291992189
73149.0,2.033072204589844,12.188553771972657,2.1451890563964846
73212.0,0.33440460205078126,13.568833465576173,-2.089504852294922
73279.0,-0.7295828247070313,9.483379211425781,1.3433065795898438
73349.0,0.44382705688476565,5.30496826171875,-1.8028509521484375
73412.0,0.22123992919921875,3.024310913085938,-0.6560856628417969
73479.0,-1.3266911315917969,10.820249176025392,-5.719306640625001
73559.0,-1.4450949096679688,11.190279693603516,-6.5045736694335945
73616.0,-3.6766543579101563,-0.08113128662109376,-4.287983093261719
73679.0,7.334298248291016,27.998377075195314,-5.871689758300781
73754.0,-2.135309600830078,-0.10493179321289063,-1.2126283264160156
73812.0,-1.4578184509277345,15.426021423339845,-2.255958709716797
73878.0,0.3960763549804688,6.3002485656738285,-1.2331356811523437
73955.0,-2.70158203125,10.436447296142578,-0.9000782775878907
74012.0,-0.9924362182617188,9.036708068847657,-1.4060261535644532
74079.0,-0.9231303405761719,9.76015365600586,-0.6212081909179688
74153.0,-1.0147398376464845,9.745633850097656,-0.21195922851562501
74214.0,-1.21906494140625,9.752070465087892,-0.003592529296875
